"","Country","Year","Region","WB Income Group","Severe wasting","Wasting","Overweight","Stunting","Underweight","Under 5 population (000s)"
"1","AFGHANISTAN","1997","Asia","Low Income","","18.2","6.5","53.2","44.9","3637.632"
"2","AFGHANISTAN","2004","Asia","Low Income","3.5","8.6","4.6","59.3","32.9","4667.487"
"3","AFGHANISTAN","2013","Asia","Low Income","4","9.5","5.4","40.9","25","5235.867"
"4","ALBANIA","1997","Europe","Upper Middle Income","","8.1","9.5","20.4","7.1","307.887"
"5","ALBANIA","2000","Europe","Upper Middle Income","6.2","12.2","30","39.2","17","278.753"
"6","ALBANIA","2005","Europe","Upper Middle Income","3.7","7.3","25.2","27","6.6","219.025"
"7","ALBANIA","2009","Europe","Upper Middle Income","5.9","9.4","23.4","23.1","6.3","179.148"
"8","ALGERIA","1987","Africa","Upper Middle Income","","4","","16.9","8","3979.162"
"9","ALGERIA","1992","Africa","Upper Middle Income","3","7.1","8.7","22.9","9.2","3942.777"
"10","ALGERIA","1995","Africa","Upper Middle Income","4.2","9.6","13.2","22.5","11.3","3734.288"
"11","ALGERIA","2000","Africa","Upper Middle Income","1.1","3.1","14.7","23.6","5.4","3087.831"
"12","ALGERIA","2002","Africa","Upper Middle Income","5.1","9.6","14.7","23.3","11.1","2885.61"
"13","ALGERIA","2005","Africa","Upper Middle Income","1.6","4","12.9","15.9","3.7","2964.659"
"14","ALGERIA","2012","Africa","Upper Middle Income","1.4","4.1","12.4","11.7","3","4340.456"
"15","ANGOLA","1996","Africa","Lower Middle Income","3.3","8.6","1.6","61.7","37","2875.53"
"16","ANGOLA","2007","Africa","Lower Middle Income","4.3","8.2","","29.2","15.6","4091.763"
"17","ANGOLA","2016","Africa","Lower Middle Income","1","4.9","3.3","37.6","19","5277.122"
"18","ARGENTINA","1994","Latin America and the Caribbean","Upper Middle Income","","1.6","11.1","7.1","1.7","3523.021"
"19","ARGENTINA","1996","Latin America and the Caribbean","Upper Middle Income","","4.2","13.5","16.9","4.7","3514.068"
"20","ARGENTINA","2005","Latin America and the Caribbean","Upper Middle Income","0.2","1.2","9.9","8.2","2.3","3594.876"
"21","ARMENIA","1998","Asia","Lower Middle Income","1","3.3","10.8","15.1","2.7","222.671"
"22","ARMENIA","2000","Asia","Lower Middle Income","0.7","2.5","16","17.7","2.6","196.554"
"23","ARMENIA","2005","Asia","Lower Middle Income","2.6","5.5","11.7","18.2","4.2","186.628"
"24","ARMENIA","2010","Asia","Lower Middle Income","2","4.2","16.8","20.8","5.3","201.083"
"25","ARMENIA","2016","Asia","Lower Middle Income","1.5","4.2","13.6","9.4","2.6","202.199"
"26","AUSTRALIA","1995","Oceania","High Income","","0","7.9","0","0","1303.522"
"27","AUSTRALIA","2007","Oceania","High Income","0","0","7.7","2","0.2","1329.367"
"28","AZERBAIJAN","1996","Asia","Upper Middle Income","","3.8","6.1","28","8.8","855.429"
"29","AZERBAIJAN","2000","Asia","Upper Middle Income","4.1","9","6.2","24.1","14","712.543"
"30","AZERBAIJAN","2001","Asia","Upper Middle Income","","3.2","4.4","18","5.9","674.064"
"31","AZERBAIJAN","2006","Asia","Upper Middle Income","2.2","6.8","13.9","26.8","8.4","656.861"
"32","AZERBAIJAN","2011","Asia","Upper Middle Income","2.9","6.6","10.4","16.4","6.5","734.926"
"33","AZERBAIJAN","2013","Asia","Upper Middle Income","1.1","3.1","13","18","4.9","813.868"
"34","BAHRAIN","1989","Asia","High Income","","6.8","7.5","13.9","6.3","65.456"
"35","BAHRAIN","1995","Asia","High Income","","6.6","","13.6","7.6","61.291"
"36","BANGLADESH","1986","Asia","Lower Middle Income","","17.3","0.2","70.9","66.8","15921.293"
"37","BANGLADESH","1990","Asia","Lower Middle Income","","17.5","0.6","63.4","61.5","16461.413"
"38","BANGLADESH","1991","Asia","Lower Middle Income","2.6","15.2","0.3","73.6","61.2","16573.079"
"39","BANGLADESH","1992","Asia","Lower Middle Income","3","16.1","0.2","71.5","60.6","16611.504"
"40","BANGLADESH","1993","Asia","Lower Middle Income","2.5","14","0.4","69.2","56.1","16603.45"
"41","BANGLADESH","1994","Asia","Lower Middle Income","3.2","16.7","0.2","67.3","58","16591.037"
"42","BANGLADESH","1995","Asia","Lower Middle Income","2.7","15.1","0.2","65.8","55.2","16608.371"
"43","BANGLADESH","1996","Asia","Lower Middle Income","2.8","15.5","0.3","63.8","54","16641.067"
"44","BANGLADESH","1997","Asia","Lower Middle Income","6.6","20.6","1.7","59.7","52.5","16684.087"
"45","BANGLADESH","1998","Asia","Lower Middle Income","2.3","15","0.2","59.3","50.7","16734.686"
"46","BANGLADESH","1999","Asia","Lower Middle Income","2","13.7","0.6","59.9","49.5","16779.926"
"47","BANGLADESH","2000","Asia","Lower Middle Income","2.5","12.5","0.9","50.8","42.3","16814.042"
"48","BANGLADESH","2001","Asia","Lower Middle Income","2.3","12.7","0.9","53.2","43.2","16914.645"
"49","BANGLADESH","2002","Asia","Lower Middle Income","2.1","12.4","1","51.4","41","16952.624"
"50","BANGLADESH","2003","Asia","Lower Middle Income","2.1","12.5","1","47.8","38.9","16933.025"
"51","BANGLADESH","2004","Asia","Lower Middle Income","3.5","14.6","0.9","50.5","42.7","16860.593"
"52","BANGLADESH","2005","Asia","Lower Middle Income","1.9","11.8","1","45.9","37.3","16744.481"
"53","BANGLADESH","2006","Asia","Lower Middle Income","1.6","11.9","0.8","45.1","37.9","16676.261"
"54","BANGLADESH","2007","Asia","Lower Middle Income","2.9","17.5","1.1","43.2","41.3","16502.794"
"55","BANGLADESH","2011","Asia","Lower Middle Income","4.1","15.7","1.9","41.4","36.8","15607.968"
"56","BANGLADESH","2012","Asia","Lower Middle Income","1.6","9.6","1.6","42","31.9","15467.715"
"57","BANGLADESH","2013","Asia","Lower Middle Income","4.9","18.1","2.6","38.7","35.1","15390.254"
"58","BANGLADESH","2014","Asia","Lower Middle Income","3.1","14.3","1.4","36.1","32.6","15329.075"
"59","BARBADOS","2012","Latin America and the Caribbean","High Income","2","6.8","12.2","7.7","3.5","17.318"
"60","BELARUS","2005","Europe","Upper Middle Income","0.6","2.2","9.7","4.5","1.3","448.326"
"61","BELIZE","1992","Latin America and the Caribbean","Upper Middle Income","","","","","5.4","30.405"
"62","BELIZE","2006","Latin America and the Caribbean","Upper Middle Income","0.9","1.9","13.7","22.2","4.9","37.928"
"63","BELIZE","2011","Latin America and the Caribbean","Upper Middle Income","1.2","3.3","7.9","19.3","6.2","37.53"
"64","BELIZE","2015","Latin America and the Caribbean","Upper Middle Income","0.5","1.8","7.3","15","4.6","39.454"
"65","BENIN","1996","Africa","Low Income","4.6","12.3","2.4","39.1","26.2","1107.596"
"66","BENIN","2001","Africa","Low Income","3.1","9","3","39.1","21.5","1252.444"
"67","BENIN","2006","Africa","Low Income","3.1","8.4","11.4","44.7","20.2","1413.734"
"68","BENIN","2014","Africa","Low Income","0.9","4.5","1.7","34","18","1704.411"
"69","BHUTAN","1987","Asia","Lower Middle Income","","5.2","3.5","60.9","34","86.918"
"70","BHUTAN","1999","Asia","Lower Middle Income","0.8","2.5","3.9","47.7","14.1","78.022"
"71","BHUTAN","2008","Asia","Lower Middle Income","1.4","4.7","4.4","34.9","10.4","73.359"
"72","BHUTAN","2010","Asia","Lower Middle Income","2","5.9","7.6","33.6","12.8","73.48"
"73","BOLIVIA (PLURINATIONAL STATE OF)","1988","Latin America and the Caribbean","Lower Middle Income","","","","","9.8","1027.01"
"74","BOLIVIA (PLURINATIONAL STATE OF)","1989","Latin America and the Caribbean","Lower Middle Income","0.5","1.5","7.4","44","7.8","1035.329"
"75","BOLIVIA (PLURINATIONAL STATE OF)","1990","Latin America and the Caribbean","Lower Middle Income","","","","","9.7","1045.257"
"76","BOLIVIA (PLURINATIONAL STATE OF)","1991","Latin America and the Caribbean","Lower Middle Income","","","","","10.2","1057.088"
"77","BOLIVIA (PLURINATIONAL STATE OF)","1992","Latin America and the Caribbean","Lower Middle Income","","","","","10.5","1068.007"
"78","BOLIVIA (PLURINATIONAL STATE OF)","1994","Latin America and the Caribbean","Lower Middle Income","1.2","3.6","6.7","37.1","11","1089.666"
"79","BOLIVIA (PLURINATIONAL STATE OF)","1998","Latin America and the Caribbean","Lower Middle Income","0.7","1.6","10.7","33.1","5.9","1141.989"
"80","BOLIVIA (PLURINATIONAL STATE OF)","2003","Latin America and the Caribbean","Lower Middle Income","0.6","1.7","9.2","32.5","5.9","1180.765"
"81","BOLIVIA (PLURINATIONAL STATE OF)","2008","Latin America and the Caribbean","Lower Middle Income","0.5","1.4","8.7","27.2","4.5","1188.421"
"82","BOLIVIA (PLURINATIONAL STATE OF)","2012","Latin America and the Caribbean","Lower Middle Income","0.5","1.6","","18.1","3.6","1189.367"
"83","BOLIVIA (PLURINATIONAL STATE OF)","2016","Latin America and the Caribbean","Lower Middle Income","0.9","2","10.1","16.1","3.4","1188.5"
"84","BOSNIA AND HERZEGOVINA","2000","Europe","Upper Middle Income","3.5","7.4","16.3","12.1","4.2","235.649"
"85","BOSNIA AND HERZEGOVINA","2006","Europe","Upper Middle Income","1.5","4","25.6","11.8","1.6","165.667"
"86","BOSNIA AND HERZEGOVINA","2012","Europe","Upper Middle Income","1.6","2.3","17.4","8.9","1.5","179.641"
"87","BOTSWANA","1996","Africa","Upper Middle Income","","13.2","","35.1","15.1","222.23"
"88","BOTSWANA","2000","Africa","Upper Middle Income","2.7","6","10.4","29.1","10.7","220.976"
"89","BOTSWANA","2007","Africa","Upper Middle Income","3.2","7.2","11.2","31.4","11.2","221.702"
"90","BRAZIL","1989","Latin America and the Caribbean","Upper Middle Income","","","","19.4","5.3","18121.635"
"91","BRAZIL","1996","Latin America and the Caribbean","Upper Middle Income","1","2.8","6.6","13.5","4.5","17560.196"
"92","BRAZIL","2002","Latin America and the Caribbean","Upper Middle Income","","","","","3.7","17389.623"
"93","BRAZIL","2007","Latin America and the Caribbean","Upper Middle Income","0.4","1.6","7.3","7.1","2.2","15733.44"
"94","BRUNEI DARUSSALAM","2009","Asia","High Income","0.4","2.9","8.3","19.7","9.6","31.444"
"95","BULGARIA","2004","Europe","Upper Middle Income","1.3","3.2","13.6","8.8","1.6","322.054"
"96","BURKINA FASO","1993","Africa","Low Income","5.9","15.5","2.8","40.7","29.6","1794.853"
"97","BURKINA FASO","1999","Africa","Low Income","5.5","15.7","1.9","45.5","33.7","2113.626"
"98","BURKINA FASO","2003","Africa","Low Income","9.7","21.2","5.4","43.1","35.2","2360.659"
"99","BURKINA FASO","2006","Africa","Low Income","12.1","24.4","6.9","42.4","37.6","2564.729"
"100","BURKINA FASO","2009","Africa","Low Income","2.7","11.3","","35.1","26","2773.744"
"101","BURKINA FASO","2010","Africa","Low Income","5.9","15.4","2.8","35.1","26.2","2842.945"
"102","BURKINA FASO","2011","Africa","Low Income","2.4","10.2","","34.1","24.4","2920.98"
"103","BURKINA FASO","2012","Africa","Low Income","1.8","10.9","","32.9","24.4","2986.453"
"104","BURKINA FASO","2013","Africa","Low Income","1.6","8.1","0.8","31.3","20.9","3044.5"
"105","BURKINA FASO","2014","Africa","Low Income","1.8","8.6","1.1","29","20","3101.1"
"106","BURKINA FASO","2016","Africa","Low Income","1.4","7.6","1.2","27.3","19.2","3220.646"
"107","BURUNDI","1987","Africa","Low Income","1.3","6.7","1.3","56.2","33.6","1006.087"
"108","BURUNDI","2000","Africa","Low Income","1.6","8.2","1.4","63.1","38.9","1154.396"
"109","BURUNDI","2005","Africa","Low Income","","9","","57.7","35.2","1279.331"
"110","BURUNDI","2010","Africa","Low Income","1.4","6.1","2.9","57.5","29.1","1577.319"
"111","BURUNDI","2016","Africa","Low Income","0.9","5.1","1.4","55.9","29.3","1901.345"
"112","CABO VERDE","1985","Africa","Lower Middle Income","","4.2","","26.8","13.7","57.03"
"113","CABO VERDE","1994","Africa","Lower Middle Income","","6.9","","21.4","11.8","63.597"
"114","CAMBODIA","1996","Asia","Lower Middle Income","4.5","13.4","6.5","58.6","42.6","1750.303"
"115","CAMBODIA","2000","Asia","Lower Middle Income","7.5","16.9","4","49.2","39.5","1574.657"
"116","CAMBODIA","2005","Asia","Lower Middle Income","1.8","8.3","1.7","43.7","28.4","1531.38"
"117","CAMBODIA","2008","Asia","Lower Middle Income","1.8","8.9","2","39.5","28.8","1620.999"
"118","CAMBODIA","2010","Asia","Lower Middle Income","2.8","10.8","1.9","40.9","29","1671.681"
"119","CAMBODIA","2014","Asia","Lower Middle Income","2.3","9.6","2","32.4","23.9","1758.251"
"120","CAMEROON","1991","Africa","Lower Middle Income","1.1","4.5","4.7","36.3","18","2239.077"
"121","CAMEROON","1998","Africa","Lower Middle Income","1.8","6.2","8.2","38.2","17.3","2520.186"
"122","CAMEROON","2004","Africa","Lower Middle Income","2.3","6.2","8.7","35.4","15.1","2899.398"
"123","CAMEROON","2006","Africa","Lower Middle Income","2.5","7.3","9.6","36.4","16.6","3081.892"
"124","CAMEROON","2011","Africa","Lower Middle Income","1.9","5.8","6.5","32.6","15.1","3477.564"
"125","CAMEROON","2014","Africa","Lower Middle Income","1.3","5.2","6.7","31.7","14.8","3679.344"
"126","CANADA","2004","Northern America","High Income","","","10.4","","","1704.406"
"127","CENTRAL AFRICAN REPUBLIC (THE)","1994","Africa","Low Income","2.6","8.7","3.7","41.5","24","539.518"
"128","CENTRAL AFRICAN REPUBLIC (THE)","2000","Africa","Low Income","4.7","10.5","10.8","44.6","21.8","612.089"
"129","CENTRAL AFRICAN REPUBLIC (THE)","2006","Africa","Low Income","5.1","12.2","8.5","45.1","28","686.053"
"130","CENTRAL AFRICAN REPUBLIC (THE)","2010","Africa","Low Income","1.9","7.4","1.8","40.7","23.5","713.165"
"131","CHAD","1997","Africa","Low Income","6.1","16.4","2.7","45","34.3","1515.242"
"132","CHAD","2000","Africa","Low Income","4.2","13.9","2.7","39.3","29.4","1684.312"
"133","CHAD","2004","Africa","Low Income","6.6","16.1","4.4","44.8","33.9","1947.111"
"134","CHAD","2010","Africa","Low Income","5.9","15.7","2.8","38.7","30.3","2293.915"
"135","CHAD","2015","Africa","Low Income","4.2","13","2.5","39.9","28.8","2600.644"
"136","CHILE","1986","Latin America and the Caribbean","High Income","","0.7","15.4","13.5","2.2","1346.186"
"137","CHILE","1994","Latin America and the Caribbean","High Income","","0.5","10.1","4.2","0.8","1413.911"
"138","CHILE","1995","Latin America and the Caribbean","High Income","","0.5","10.9","3.9","0.8","1398.968"
"139","CHILE","1996","Latin America and the Caribbean","High Income","","0.5","10.7","3.7","0.7","1372.742"
"140","CHILE","1998","Latin America and the Caribbean","High Income","","0.6","11.2","3.3","0.7","1343.818"
"141","CHILE","1999","Latin America and the Caribbean","High Income","","0.5","11.9","3.1","0.7","1333.072"
"142","CHILE","2001","Latin America and the Caribbean","High Income","","0.5","12.9","2.8","0.7","1305.382"
"143","CHILE","2002","Latin America and the Caribbean","High Income","","0.5","12","2.5","0.7","1290.797"
"144","CHILE","2003","Latin America and the Caribbean","High Income","","0.5","12.1","2.5","0.6","1275.786"
"145","CHILE","2004","Latin America and the Caribbean","High Income","","0.5","12.1","2.4","0.6","1262.786"
"146","CHILE","2006","Latin America and the Caribbean","High Income","","0.5","11.7","2.2","0.6","1248.194"
"147","CHILE","2007","Latin America and the Caribbean","High Income","","0.3","9.8","2.1","0.6","1246.249"
"148","CHILE","2008","Latin America and the Caribbean","High Income","","0.3","9.5","2","0.5","1246.285"
"149","CHILE","2013","Latin America and the Caribbean","High Income","","0.3","10.1","1.8","0.5","1220.741"
"150","CHILE","2014","Latin America and the Caribbean","High Income","","0.3","9.3","1.8","0.5","1206.927"
"151","CHINA","1987","Asia","Upper Middle Income","","4.8","","38.3","18.7","120606.621"
"152","CHINA","1990","Asia","Upper Middle Income","1.4","4.2","5.3","32.3","12.6","133229.699"
"153","CHINA","1992","Asia","Upper Middle Income","1.3","3.9","7.2","38","14.2","131239.778"
"154","CHINA","1995","Asia","Upper Middle Income","1.8","5","13.6","31.2","10.7","103277.822"
"155","CHINA","1998","Asia","Upper Middle Income","0.6","2.4","5.5","19.8","6.9","82804.567"
"156","CHINA","2000","Asia","Upper Middle Income","0.5","2.5","3.4","17.8","7.4","81757.544"
"157","CHINA","2002","Asia","Upper Middle Income","0.8","3","9.2","21.8","6.8","82161.492"
"158","CHINA","2005","Asia","Upper Middle Income","0.8","2.9","5.9","11.7","4.5","79269.322"
"159","CHINA","2008","Asia","Upper Middle Income","0.6","2.6","5.8","9.8","3.8","81658.419"
"160","CHINA","2009","Asia","Upper Middle Income","0.7","2.6","5.7","9","3.4","81971.341"
"161","CHINA","2010","Asia","Upper Middle Income","0.7","2.3","6.6","9.4","3.4","82581.426"
"162","CHINA","2013","Asia","Upper Middle Income","","1.9","","8.1","2.4","84981.605"
"163","COLOMBIA","1986","Latin America and the Caribbean","Upper Middle Income","0.3","1","4.2","26.6","8.9","4301.99"
"164","COLOMBIA","1989","Latin America and the Caribbean","Upper Middle Income","","3.8","","21.8","8.8","4334.596"
"165","COLOMBIA","1995","Latin America and the Caribbean","Upper Middle Income","0.5","1.7","4.5","19.7","6.3","4351.073"
"166","COLOMBIA","2000","Latin America and the Caribbean","Upper Middle Income","0.4","1.1","5.3","18.1","4.9","4151.616"
"167","COLOMBIA","2005","Latin America and the Caribbean","Upper Middle Income","0.4","1.5","4.2","16.2","5.1","4112.844"
"168","COLOMBIA","2010","Latin America and the Caribbean","Upper Middle Income","0.2","0.9","4.8","12.7","3.4","3929.005"
"169","COMOROS (THE)","1992","Africa","Low Income","","5.3","","38.5","15.2","77.982"
"170","COMOROS (THE)","1996","Africa","Low Income","4.5","10.7","5.3","40","21.1","83.016"
"171","COMOROS (THE)","2000","Africa","Low Income","7.2","13.3","21.5","46.9","25","88.752"
"172","COMOROS (THE)","2012","Africa","Low Income","4.4","11.1","10.9","32.1","16.9","111.399"
"173","CONGO (THE)","1987","Africa","Lower Middle Income","","6.6","1.6","30.1","16.4","379.792"
"174","CONGO (THE)","2005","Africa","Lower Middle Income","3","8","8.5","31.2","11.8","615.452"
"175","CONGO (THE)","2011","Africa","Lower Middle Income","1.6","5.9","3.6","25","11.8","754.671"
"176","CONGO (THE)","2015","Africa","Lower Middle Income","2.6","8.2","5.9","21.2","12.3","813.95"
"177","COSTA RICA","1989","Latin America and the Caribbean","Upper Middle Income","","","","","2.4","395.318"
"178","COSTA RICA","1990","Latin America and the Caribbean","Upper Middle Income","","","","","2.5","400.13"
"179","COSTA RICA","1991","Latin America and the Caribbean","Upper Middle Income","","","","","2.2","402.564"
"180","COSTA RICA","1992","Latin America and the Caribbean","Upper Middle Income","","","","","2","404.279"
"181","COSTA RICA","1993","Latin America and the Caribbean","Upper Middle Income","","","","","2","405.242"
"182","COSTA RICA","1994","Latin America and the Caribbean","Upper Middle Income","","","","","1.9","405.646"
"183","COSTA RICA","1996","Latin America and the Caribbean","Upper Middle Income","","2.4","9.5","8.2","3.8","404.294"
"184","COSTA RICA","2008","Latin America and the Caribbean","Upper Middle Income","","1","8.1","5.6","1.1","356.955"
"185","COTE D'IVOIRE","1986","Africa","Lower Middle Income","","10.3","","22.5","10.8","1959.655"
"186","COTE D'IVOIRE","1994","Africa","Lower Middle Income","2.2","8.3","2.5","34.2","20.3","2454.409"
"187","COTE D'IVOIRE","1998","Africa","Lower Middle Income","1.9","6.9","4.6","31.5","18.2","2757.551"
"188","COTE D'IVOIRE","2006","Africa","Lower Middle Income","2.9","8.4","8.4","40.1","16.7","3146.3"
"189","COTE D'IVOIRE","2007","Africa","Lower Middle Income","5.4","14","4.9","39","29.4","3188.212"
"190","COTE D'IVOIRE","2012","Africa","Lower Middle Income","1.8","7.6","3.2","29.6","15.7","3511.797"
"191","COTE D'IVOIRE","2016","Africa","Lower Middle Income","1.2","6","1.5","21.6","12.8","3860.6"
"192","CUBA","2000","Latin America and the Caribbean","Upper Middle Income","","2.4","","7","3.4","753.523"
"193","CZECH REPUBLIC (THE)","1991","Europe","High Income","","2.8","6.7","3.1","0.9","669.528"
"194","CZECH REPUBLIC (THE)","2001","Europe","High Income","1","4.6","4.4","2.6","2.1","417.626"
"195","DEMOCRATIC PEOPLE'S REP. OF KOREA (THE)","1998","Asia","Low Income","","20.8","","63.9","55.5","2064.233"
"196","DEMOCRATIC PEOPLE'S REP. OF KOREA (THE)","2000","Asia","Low Income","","12.2","","51","24.7","1987.652"
"197","DEMOCRATIC PEOPLE'S REP. OF KOREA (THE)","2002","Asia","Low Income","3.5","8.7","0.9","44.7","17.8","1931.561"
"198","DEMOCRATIC PEOPLE'S REP. OF KOREA (THE)","2004","Asia","Low Income","","8.5","","43.1","20.6","1924.503"
"199","DEMOCRATIC PEOPLE'S REP. OF KOREA (THE)","2009","Asia","Low Income","0.5","5.2","0","32.4","18.8","1773.511"
"200","DEMOCRATIC PEOPLE'S REP. OF KOREA (THE)","2012","Asia","Low Income","0.6","4","","27.9","15.2","1696.64"
"201","DEMOCRATIC REP. OF THE CONGO (THE)","1995","Africa","Low Income","","11.4","","51","30.7","7692.582"
"202","DEMOCRATIC REP. OF THE CONGO (THE)","2001","Africa","Low Income","11.9","20.9","6.5","44.4","33.6","8927.312"
"203","DEMOCRATIC REP. OF THE CONGO (THE)","2007","Africa","Low Income","8.8","14","6.8","45.8","28.2","10986.314"
"204","DEMOCRATIC REP. OF THE CONGO (THE)","2010","Africa","Low Income","2.8","8.5","4.9","43.5","24.2","12126.623"
"205","DEMOCRATIC REP. OF THE CONGO (THE)","2013","Africa","Low Income","2.8","8.1","4.4","42.6","23.4","13347.831"
"206","DJIBOUTI","1989","Africa","Lower Middle Income","","12.5","","28","20.2","103.074"
"207","DJIBOUTI","1996","Africa","Lower Middle Income","","14.9","","31.7","16","96.752"
"208","DJIBOUTI","2002","Africa","Lower Middle Income","9.5","19.4","8.4","26.5","25.4","105.119"
"209","DJIBOUTI","2006","Africa","Lower Middle Income","15.9","26","13.4","32.6","29.6","102.432"
"210","DJIBOUTI","2012","Africa","Lower Middle Income","9.1","21.5","8.1","33.5","29.8","99.067"
"211","DOMINICAN REPUBLIC (THE)","1986","Latin America and the Caribbean","Upper Middle Income","1","3.3","3.8","20.4","8.7","961.232"
"212","DOMINICAN REPUBLIC (THE)","1991","Latin America and the Caribbean","Upper Middle Income","0.6","2.2","4.4","21.2","8.4","993.17"
"213","DOMINICAN REPUBLIC (THE)","1996","Latin America and the Caribbean","Upper Middle Income","0.6","2","6.9","13.9","4.7","1032.126"
"214","DOMINICAN REPUBLIC (THE)","2000","Latin America and the Caribbean","Upper Middle Income","0.5","1.5","6.9","8","3.5","1019.829"
"215","DOMINICAN REPUBLIC (THE)","2002","Latin America and the Caribbean","Upper Middle Income","0.8","2.2","8.6","11.7","4.2","1022.131"
"216","DOMINICAN REPUBLIC (THE)","2006","Latin America and the Caribbean","Upper Middle Income","","1.9","7.4","10.5","4.6","1065.649"
"217","DOMINICAN REPUBLIC (THE)","2007","Latin America and the Caribbean","Upper Middle Income","0.9","2.3","8.3","10.1","3.4","1070.143"
"218","DOMINICAN REPUBLIC (THE)","2013","Latin America and the Caribbean","Upper Middle Income","0.8","2.4","7.6","7.1","4","1063.448"
"219","ECUADOR","1986","Latin America and the Caribbean","Upper Middle Income","","2.3","","40.2","14.5","1335.518"
"220","ECUADOR","1998","Latin America and the Caribbean","Upper Middle Income","","3.2","","32.5","12.5","1507.441"
"221","ECUADOR","2004","Latin America and the Caribbean","Upper Middle Income","0.8","2.3","5.1","29","6.2","1515.492"
"222","ECUADOR","2006","Latin America and the Caribbean","Upper Middle Income","0.5","2.1","5.2","25.9","6.8","1518.1"
"223","ECUADOR","2012","Latin America and the Caribbean","Upper Middle Income","0.7","2.3","7.5","25.2","6.4","1603.808"
"224","ECUADOR","2014","Latin America and the Caribbean","Upper Middle Income","0.6","1.6","8","23.9","5.1","1608"
"225","EGYPT","1988","Africa","Lower Middle Income","0.6","1.9","6.9","34","9.4","8787.823"
"226","EGYPT","1991","Africa","Lower Middle Income","2.3","4.5","14.9","34.9","10.5","9132.702"
"227","EGYPT","1993","Africa","Lower Middle Income","1.8","4.1","14.4","31.3","8.2","8873.349"
"228","EGYPT","1995","Africa","Lower Middle Income","2.3","5.7","14.7","34.9","10.8","8510.313"
"229","EGYPT","1997","Africa","Lower Middle Income","","7.5","","30.9","10.2","8156.704"
"230","EGYPT","1998","Africa","Lower Middle Income","","6.4","","26.3","9.4","8158.771"
"231","EGYPT","2000","Africa","Lower Middle Income","","","","24.6","","8272.629"
"232","EGYPT","2003","Africa","Lower Middle Income","1.8","5.2","9.2","20.3","8.7","8696.987"
"233","EGYPT","2005","Africa","Lower Middle Income","2.5","5.3","14.1","23.8","5.4","9000.943"
"234","EGYPT","2008","Africa","Lower Middle Income","3.8","7.9","20.5","30.7","6.8","9427.461"
"235","EGYPT","2014","Africa","Lower Middle Income","4.8","9.5","15.7","22.3","7","11982.539"
"236","EL SALVADOR","1988","Latin America and the Caribbean","Lower Middle Income","0.5","2.2","3","36.7","11.1","738.903"
"237","EL SALVADOR","1993","Latin America and the Caribbean","Lower Middle Income","0.4","1.4","3.9","29.5","7.2","764.618"
"238","EL SALVADOR","1998","Latin America and the Caribbean","Lower Middle Income","0.4","1.5","3.9","32.3","9.6","772.357"
"239","EL SALVADOR","2003","Latin America and the Caribbean","Lower Middle Income","0.3","1.3","5.8","24.6","6.1","687.987"
"240","EL SALVADOR","2008","Latin America and the Caribbean","Lower Middle Income","0.5","1.6","5.7","20.6","6.6","611.036"
"241","EL SALVADOR","2014","Latin America and the Caribbean","Lower Middle Income","0.4","2.1","6.4","13.6","5","584.868"
"242","EQUATORIAL GUINEA","1997","Africa","Upper Middle Income","2.5","4","3.4","38.7","13.8","90.985"
"243","EQUATORIAL GUINEA","2000","Africa","Upper Middle Income","4.2","9.2","14","42.6","15.7","102.044"
"244","EQUATORIAL GUINEA","2004","Africa","Upper Middle Income","1.3","2.8","8.3","35","10.6","118.949"
"245","EQUATORIAL GUINEA","2011","Africa","Upper Middle Income","1.7","3.1","9.7","26.2","5.6","155.894"
"246","ERITREA","1993","Africa","Low Income","","11.8","","69.6","36.9","536.756"
"247","ERITREA","1995","Africa","Low Income","5.1","17","1.3","47.8","39.6","516.888"
"248","ERITREA","2002","Africa","Low Income","4.7","14.9","1.6","43.7","34.5","552.486"
"249","ERITREA","2010","Africa","Low Income","4.2","15.3","1.9","50.3","38.8","715.42"
"250","ETHIOPIA","1992","Africa","Low Income","","9.2","","66.9","41.9","9725.637"
"251","ETHIOPIA","2000","Africa","Low Income","3.8","12.4","2","57.4","42","12409.891"
"252","ETHIOPIA","2005","Africa","Low Income","4.7","12.3","5.1","50.7","34.6","13485.013"
"253","ETHIOPIA","2011","Africa","Low Income","2.9","10.1","1.8","44.2","29.2","14053.5"
"254","ETHIOPIA","2014","Africa","Low Income","2.5","8.7","2.6","40.4","25.2","14688.673"
"255","ETHIOPIA","2016","Africa","Low Income","2.9","9.9","2.8","38.4","23.6","15177.181"
"256","FIJI","1993","Oceania","Upper Middle Income","","9.8","2.2","4.3","6.9","98.52"
"257","FIJI","2004","Oceania","Upper Middle Income","2","6.3","5.1","7.5","5.3","89.952"
"258","GABON","2000","Africa","Upper Middle Income","1.5","4.3","5.6","26.3","8.8","185.356"
"259","GABON","2012","Africa","Upper Middle Income","1.3","3.4","7.7","17.5","6.5","247.01"
"260","GAMBIA (THE)","1996","Africa","Low Income","","","","36.1","23.2","208.089"
"261","GAMBIA (THE)","2000","Africa","Low Income","2.3","8.9","3","24.1","15.4","232.559"
"262","GAMBIA (THE)","2006","Africa","Low Income","1.8","7.4","2.7","27.6","15.8","279.808"
"263","GAMBIA (THE)","2010","Africa","Low Income","2.1","9.5","1.9","23.4","17.4","310.434"
"264","GAMBIA (THE)","2012","Africa","Low Income","1.6","9.6","1.1","21.2","18","327.3"
"265","GAMBIA (THE)","2013","Africa","Low Income","4.3","11.1","3.2","25","16.4","335.659"
"266","GEORGIA","1999","Asia","Lower Middle Income","","3.1","17.9","16.1","2.7","301.226"
"267","GEORGIA","2005","Asia","Lower Middle Income","1.1","3","21","14.7","2.3","249.646"
"268","GEORGIA","2009","Asia","Lower Middle Income","0.6","1.6","19.9","11.3","1.1","273.752"
"269","GERMANY","2005","Europe","High Income","0.1","1","3.5","1.3","1.1","3599.277"
"270","GHANA","1988","Africa","Lower Middle Income","1.6","7","0.8","42.6","24.8","2368.05"
"271","GHANA","1993","Africa","Lower Middle Income","3.8","10.9","2.5","41.2","25.8","2602.14"
"272","GHANA","1999","Africa","Lower Middle Income","2.5","9.9","2.7","31.3","20.3","2916.815"
"273","GHANA","2003","Africa","Lower Middle Income","2.8","8.4","4.5","35.6","18.8","3135.894"
"274","GHANA","2006","Africa","Lower Middle Income","1.8","6.1","2.6","28.1","13.9","3301.68"
"275","GHANA","2008","Africa","Lower Middle Income","2.5","8.7","5.9","28.6","14.3","3455.835"
"276","GHANA","2011","Africa","Lower Middle Income","1.4","6.2","2.6","22.7","13.4","3728.445"
"277","GHANA","2014","Africa","Lower Middle Income","0.7","4.7","2.6","18.8","11","3963.27"
"278","GUATEMALA","1987","Latin America and the Caribbean","Lower Middle Income","0.4","1.9","2.4","66.2","27.9","1530.355"
"279","GUATEMALA","1995","Latin America and the Caribbean","Lower Middle Income","1.5","3.8","6.2","55.4","21.7","1766.975"
"280","GUATEMALA","1999","Latin America and the Caribbean","Lower Middle Income","1.4","2.9","6.9","53.1","20.3","1874.563"
"281","GUATEMALA","2000","Latin America and the Caribbean","Lower Middle Income","","3.7","8.5","50","19.6","1895.158"
"282","GUATEMALA","2002","Latin America and the Caribbean","Lower Middle Income","0.7","1.8","5.6","54.3","17.7","1931.725"
"283","GUATEMALA","2009","Latin America and the Caribbean","Lower Middle Income","0.2","1.1","4.9","48","13","1956.264"
"284","GUATEMALA","2015","Latin America and the Caribbean","Lower Middle Income","0.1","0.7","4.7","46.5","12.6","1994.029"
"285","GUINEA","1994","Africa","Low Income","","14","","35.3","21.2","1353.171"
"286","GUINEA","1999","Africa","Low Income","4","9.9","4.3","34.3","21.2","1524.316"
"287","GUINEA","2005","Africa","Low Income","4.3","10.8","5.1","39.3","22.5","1659.749"
"288","GUINEA","2007","Africa","Low Income","2.8","8.3","","40","20.8","1720.787"
"289","GUINEA","2011","Africa","Low Income","1.3","5.6","3.1","35.8","16.3","1839.659"
"290","GUINEA","2012","Africa","Low Income","4.1","9.9","3.8","31.3","18.7","1866.37"
"291","GUINEA","2016","Africa","Low Income","2.9","8.1","4","32.4","18.3","1982.9"
"292","GUINEA-BISSAU","2000","Africa","Low Income","4.8","11.8","5.1","36.1","21.9","213.452"
"293","GUINEA-BISSAU","2006","Africa","Low Income","4.5","8.9","17","47.7","17.4","232.971"
"294","GUINEA-BISSAU","2010","Africa","Low Income","0.9","5.8","3.2","32.2","18.1","255.954"
"295","GUINEA-BISSAU","2014","Africa","Low Income","1.4","6","2.3","27.6","17","280.446"
"296","GUYANA","1993","Latin America and the Caribbean","Upper Middle Income","","","","","16.1","94.653"
"297","GUYANA","1997","Latin America and the Caribbean","Upper Middle Income","","13.3","1.9","14","10.3","102.931"
"298","GUYANA","2000","Latin America and the Caribbean","Upper Middle Income","4.3","12.1","5.5","13.8","11.9","95.937"
"299","GUYANA","2006","Latin America and the Caribbean","Upper Middle Income","2.6","8.3","6.8","18.2","10.8","81.19"
"300","GUYANA","2009","Latin America and the Caribbean","Upper Middle Income","1.3","5.3","6.7","19.5","11.1","75.544"
"301","GUYANA","2014","Latin America and the Caribbean","Upper Middle Income","1.7","6.4","5.3","12","8.5","74.768"
"302","HAITI","1990","Latin America and the Caribbean","Low Income","","5.9","","40.1","23.7","1158.574"
"303","HAITI","1994","Latin America and the Caribbean","Low Income","3","9.4","4.3","37.2","24","1177.202"
"304","HAITI","2000","Latin America and the Caribbean","Low Income","1.5","5.6","3.1","28.3","13.9","1218.649"
"305","HAITI","2006","Latin America and the Caribbean","Low Income","3.3","10.3","3.9","29.7","18.9","1227.429"
"306","HAITI","2012","Latin America and the Caribbean","Low Income","1.3","5.2","3.6","21.9","11.6","1253.345"
"307","HONDURAS","1987","Latin America and the Caribbean","Lower Middle Income","","2.3","2.7","43.3","18.1","809.829"
"308","HONDURAS","1992","Latin America and the Caribbean","Lower Middle Income","","2.1","","42.5","15.8","892.59"
"309","HONDURAS","1994","Latin America and the Caribbean","Lower Middle Income","","2.7","","45.7","16.1","930.674"
"310","HONDURAS","1996","Latin America and the Caribbean","Lower Middle Income","0.3","1.6","2.8","38.6","17.9","965.578"
"311","HONDURAS","2001","Latin America and the Caribbean","Lower Middle Income","0.2","1.2","3","34.5","12.5","1009.513"
"312","HONDURAS","2006","Latin America and the Caribbean","Lower Middle Income","0.3","1.4","5.8","29.9","8.6","1030.28"
"313","HONDURAS","2012","Latin America and the Caribbean","Lower Middle Income","0.3","1.4","5.2","22.7","7.1","976.935"
"314","INDIA","1989","Asia","Lower Middle Income","","20.3","","62.7","55.5","120678.709"
"315","INDIA","1992","Asia","Lower Middle Income","","20","","61.9","52.8","122660.364"
"316","INDIA","1993","Asia","Lower Middle Income","7","19.9","2.9","57.7","51.2","123230.57"
"317","INDIA","1997","Asia","Lower Middle Income","","18.4","5.9","45.9","38.4","125787.455"
"318","INDIA","1999","Asia","Lower Middle Income","5.7","17.1","2.9","54.2","46.3","127025.304"
"319","INDIA","2006","Asia","Lower Middle Income","6.8","20","1.9","47.9","43.5","129854.049"
"320","INDIA","2014","Asia","Lower Middle Income","4.6","15.1","","38.7","29.4","122588.114"
"321","INDIA","2015","Asia","Lower Middle Income","7.5","21","2.1","38.4","35.7","121415.293"
"322","INDONESIA","1987","Asia","Lower Middle Income","","","","","35.9","22820.858"
"323","INDONESIA","1989","Asia","Lower Middle Income","","","","","31","22413.764"
"324","INDONESIA","1992","Asia","Lower Middle Income","","","","","29.8","21964.595"
"325","INDONESIA","1995","Asia","Lower Middle Income","","14.9","6.5","48.1","30.3","21890.868"
"326","INDONESIA","1998","Asia","Lower Middle Income","","","","","25.8","21544.138"
"327","INDONESIA","1999","Asia","Lower Middle Income","","","","","22.8","21349.842"
"328","INDONESIA","2000","Asia","Lower Middle Income","0.9","5.5","1.5","42.4","24.8","21307.215"
"329","INDONESIA","2001","Asia","Lower Middle Income","0.8","5.4","1.5","41.6","23.4","21510.112"
"330","INDONESIA","2002","Asia","Lower Middle Income","","","","","23","21757.811"
"331","INDONESIA","2003","Asia","Lower Middle Income","","","","","23.1","22064.384"
"332","INDONESIA","2004","Asia","Lower Middle Income","5.1","14.4","5.1","28.6","19.7","22387.338"
"333","INDONESIA","2005","Asia","Lower Middle Income","","","","","24.4","22680.512"
"334","INDONESIA","2007","Asia","Lower Middle Income","6.8","14.8","11.2","40.1","19.6","23122.406"
"335","INDONESIA","2010","Asia","Lower Middle Income","5.4","12.3","12.3","39.2","18.6","23793.078"
"336","INDONESIA","2013","Asia","Lower Middle Income","6.7","13.5","11.5","36.4","19.9","24249.408"
"337","IRAN (ISLAMIC REPUBLIC OF)","1995","Asia","Upper Middle Income","","8.1","5.5","24.4","13.8","7630.74"
"338","IRAN (ISLAMIC REPUBLIC OF)","1998","Asia","Upper Middle Income","","6.1","6.9","20.4","9.5","6747.56"
"339","IRAN (ISLAMIC REPUBLIC OF)","2004","Asia","Upper Middle Income","","4.8","","7.1","4.6","5578.539"
"340","IRAN (ISLAMIC REPUBLIC OF)","2011","Asia","Upper Middle Income","1.4","4","","6.8","4.1","6630.397"
"341","IRAQ","1991","Asia","Upper Middle Income","","4.4","","27.6","10.4","3066.48"
"342","IRAQ","2000","Asia","Upper Middle Income","2.4","6.6","5.5","28.3","12.9","3840.776"
"343","IRAQ","2003","Asia","Upper Middle Income","","5.6","","33.7","10.1","4095.05"
"344","IRAQ","2004","Asia","Upper Middle Income","","6.9","","20","8","4161.09"
"345","IRAQ","2006","Asia","Upper Middle Income","2.7","5.8","15","27.5","7.1","4318.21"
"346","IRAQ","2011","Asia","Upper Middle Income","3.6","7.4","11.8","22.6","8.5","5018.159"
"347","JAMAICA","1989","Latin America and the Caribbean","Upper Middle Income","","4.4","","12.4","6.3","296.683"
"348","JAMAICA","1991","Latin America and the Caribbean","Upper Middle Income","","5.3","","9.1","4","288.856"
"349","JAMAICA","1992","Latin America and the Caribbean","Upper Middle Income","","3.2","4.4","14.7","7","287.545"
"350","JAMAICA","1993","Latin America and the Caribbean","Upper Middle Income","","4.5","9.3","13.5","8.9","288.711"
"351","JAMAICA","1994","Latin America and the Caribbean","Upper Middle Income","0.8","2.9","6.2","11.9","4.5","290.48"
"352","JAMAICA","1995","Latin America and the Caribbean","Upper Middle Income","0.5","4.5","5.2","9.5","4","291.551"
"353","JAMAICA","1996","Latin America and the Caribbean","Upper Middle Income","0.1","2.5","3.8","11.1","5.6","293.447"
"354","JAMAICA","1997","Latin America and the Caribbean","Upper Middle Income","0.4","2.3","5.5","8.6","3.5","294.212"
"355","JAMAICA","1998","Latin America and the Caribbean","Upper Middle Income","0.8","2.9","5.2","8.3","3.4","293.687"
"356","JAMAICA","1999","Latin America and the Caribbean","Upper Middle Income","0.8","2.5","5.9","6.3","2.3","291.936"
"357","JAMAICA","2000","Latin America and the Caribbean","Upper Middle Income","1.5","3","7.3","6.6","3.8","289.019"
"358","JAMAICA","2001","Latin America and the Caribbean","Upper Middle Income","1","2.9","5.7","6.4","4.1","285.733"
"359","JAMAICA","2002","Latin America and the Caribbean","Upper Middle Income","0.7","2.3","8.5","6.6","2.6","279.722"
"360","JAMAICA","2004","Latin America and the Caribbean","Upper Middle Income","1.1","4.5","7.5","4.5","3.1","264.375"
"361","JAMAICA","2006","Latin America and the Caribbean","Upper Middle Income","","3.3","6.1","5.6","3.7","247.686"
"362","JAMAICA","2007","Latin America and the Caribbean","Upper Middle Income","","2.3","8.5","3.8","1.8","241.847"
"363","JAMAICA","2008","Latin America and the Caribbean","Upper Middle Income","","2.1","6.1","5.2","2","238.482"
"364","JAMAICA","2010","Latin America and the Caribbean","Upper Middle Income","","3.5","4","4.8","3.2","230.567"
"365","JAMAICA","2012","Latin America and the Caribbean","Upper Middle Income","","3","7.8","5.7","2.5","222.664"
"366","JAMAICA","2014","Latin America and the Caribbean","Upper Middle Income","","3.6","8.5","6.2","2.3","208.845"
"367","JAPAN","2010","Asia","High Income","0.2","2.3","1.5","7.1","3.4","5554.595"
"368","JORDAN","1990","Asia","Lower Middle Income","1.3","3.8","8.6","20.5","4.8","598.145"
"369","JORDAN","1997","Asia","Lower Middle Income","0.6","2.4","4.4","11.1","3.8","722.151"
"370","JORDAN","2002","Asia","Lower Middle Income","0.8","2.5","4.7","12","3.6","754.696"
"371","JORDAN","2009","Asia","Lower Middle Income","0.2","1.6","6.6","8.3","1.9","922.842"
"372","JORDAN","2012","Asia","Lower Middle Income","0.7","2.4","4.7","7.8","3","1084.774"
"373","KAZAKHSTAN","1995","Asia","Upper Middle Income","1.8","6.4","4.1","23.3","4.4","1470.319"
"374","KAZAKHSTAN","1999","Asia","Upper Middle Income","1","2.5","5.3","13.9","3.8","1139.462"
"375","KAZAKHSTAN","2006","Asia","Upper Middle Income","2.3","4.9","16.9","17.5","4.9","1313.736"
"376","KAZAKHSTAN","2010","Asia","Upper Middle Income","1.7","4.1","13.3","13.1","3.7","1606.237"
"377","KAZAKHSTAN","2015","Asia","Upper Middle Income","1.1","3.1","9.3","8","2","1991.066"
"378","KENYA","1987","Africa","Lower Middle Income","","5.5","","37","","4204.81"
"379","KENYA","1993","Africa","Lower Middle Income","2.6","7.1","5.9","40.2","20.1","4565.426"
"380","KENYA","1994","Africa","Lower Middle Income","","9.4","","39.8","19.8","4598.796"
"381","KENYA","1998","Africa","Lower Middle Income","3.1","7.2","5.8","37.4","17.5","5062.827"
"382","KENYA","2000","Africa","Lower Middle Income","2.9","7.4","8.1","41","17.5","5422.693"
"383","KENYA","2003","Africa","Lower Middle Income","2.4","6.2","5.8","35.8","16.5","5881.097"
"384","KENYA","2005","Africa","Lower Middle Income","","7.7","","40.9","18.4","6079.73"
"385","KENYA","2009","Africa","Lower Middle Income","2.1","7","5","35.2","16.4","6614.54"
"386","KENYA","2014","Africa","Lower Middle Income","0.9","4","4.1","26","11","6950.404"
"387","KIRIBATI","1985","Oceania","Lower Middle Income","","12.6","15.9","34.4","11.3","10.009"
"388","KIRIBATI","2009","Oceania","Lower Middle Income","","","","","14.9","13.196"
"389","KUWAIT","1996","Asia","High Income","","1.7","8.9","5","1.5","172.83"
"390","KUWAIT","2001","Asia","High Income","0.4","2.2","11","4","2.2","231.224"
"391","KUWAIT","2002","Asia","High Income","0.5","2.2","6.6","3.6","2.1","227.484"
"392","KUWAIT","2003","Asia","High Income","0.7","2.6","6.8","3.9","2.3","218.64"
"393","KUWAIT","2004","Asia","High Income","1.1","3.4","7.1","4.1","2.8","211.955"
"394","KUWAIT","2005","Asia","High Income","1","3.3","7.5","4.5","2.7","213.652"
"395","KUWAIT","2006","Asia","High Income","0.6","2.8","8.7","4.6","2.7","211.598"
"396","KUWAIT","2007","Asia","High Income","0.8","3.6","8.5","5.1","2.9","220.349"
"397","KUWAIT","2008","Asia","High Income","0.5","2.2","9.3","5.1","2.3","237.334"
"398","KUWAIT","2009","Asia","High Income","0.3","1.8","9","3.8","1.7","256.791"
"399","KUWAIT","2010","Asia","High Income","0.6","2.4","7.8","4.1","1.7","273.838"
"400","KUWAIT","2011","Asia","High Income","0.4","1.7","8.3","4","2.1","291.37"
"401","KUWAIT","2012","Asia","High Income","0.6","2.4","9.5","4.3","2.2","302.623"
"402","KUWAIT","2013","Asia","High Income","0.7","2.7","7.8","4.8","3.1","307.95"
"403","KUWAIT","2014","Asia","High Income","0.6","2.4","8.7","5.8","3","309.912"
"404","KUWAIT","2015","Asia","High Income","","3.1","6","4.9","","310.784"
"405","KYRGYZSTAN","1997","Asia","Lower Middle Income","0.8","2.9","8.1","36.2","10.4","564.401"
"406","KYRGYZSTAN","2006","Asia","Lower Middle Income","1","3.4","10.7","18.1","2.7","495.771"
"407","KYRGYZSTAN","2009","Asia","Lower Middle Income","0.3","1.3","4.4","22.6","4.7","573.163"
"408","KYRGYZSTAN","2012","Asia","Lower Middle Income","1.3","2.8","9","17.8","3.7","678.749"
"409","KYRGYZSTAN","2014","Asia","Lower Middle Income","0.8","2.8","7","12.9","2.8","732.295"
"410","LAO PEOPLE'S DEMOCRATIC REP. (THE)","1993","Asia","Lower Middle Income","","11.8","","53.6","39.8","819.674"
"411","LAO PEOPLE'S DEMOCRATIC REP. (THE)","1994","Asia","Lower Middle Income","","12.3","","52.9","35.9","832.15"
"412","LAO PEOPLE'S DEMOCRATIC REP. (THE)","2000","Asia","Lower Middle Income","7.6","17.5","2.7","48.2","36.4","796.669"
"413","LAO PEOPLE'S DEMOCRATIC REP. (THE)","2006","Asia","Lower Middle Income","1.7","7.3","1.3","47.6","31.6","755.651"
"414","LAO PEOPLE'S DEMOCRATIC REP. (THE)","2011","Asia","Lower Middle Income","1.9","6.4","2","43.8","26.5","789.463"
"415","LEBANON","1996","Asia","Upper Middle Income","1.6","3.6","20.8","17.2","3.5","328.072"
"416","LEBANON","2004","Asia","Upper Middle Income","2.9","6.6","16.7","16.5","4.2","328.825"
"417","LESOTHO","1992","Africa","Lower Middle Income","","3.2","","39.2","13.8","257.092"
"418","LESOTHO","1993","Africa","Lower Middle Income","","22.4","","37.5","18.9","259.601"
"419","LESOTHO","2000","Africa","Lower Middle Income","2.9","6.7","21","53","15","272.429"
"420","LESOTHO","2004","Africa","Lower Middle Income","2.3","5.6","6.8","45.2","16.6","260.186"
"421","LESOTHO","2009","Africa","Lower Middle Income","1.5","3.9","7.3","39","13.5","254.949"
"422","LESOTHO","2014","Africa","Lower Middle Income","0.6","2.8","7.4","33.2","10.3","276.042"
"423","LIBERIA","2000","Africa","Low Income","2.2","7.4","4.6","45.3","22.8","495.149"
"424","LIBERIA","2007","Africa","Low Income","3","7.8","4.2","39.4","20.4","598.804"
"425","LIBERIA","2010","Africa","Low Income","0.2","2.8","","41.8","14.9","653.631"
"426","LIBERIA","2013","Africa","Low Income","2","5.6","3.2","32.1","15.3","686.582"
"427","LIBYA","1995","Africa","Upper Middle Income","1.5","3.6","13.4","21.1","4.2","601.728"
"428","LIBYA","2007","Africa","Upper Middle Income","2.9","6.5","22.4","21","5.6","592.638"
"429","MADAGASCAR","1992","Africa","Low Income","1.2","6.4","1.6","60.9","35.5","2226.883"
"430","MADAGASCAR","1993","Africa","Low Income","","16.4","","54.1","40.9","2292.713"
"431","MADAGASCAR","1995","Africa","Low Income","","9","","55.2","30.4","2438.716"
"432","MADAGASCAR","1997","Africa","Low Income","2.5","8.9","2.2","58.2","38","2611.192"
"433","MADAGASCAR","2004","Africa","Low Income","5.6","15.2","6.2","52.8","36.8","3079.358"
"434","MADAGASCAR","2009","Africa","Low Income","","","","49.2","","3352.201"
"435","MALAWI","1992","Africa","Low Income","2.1","6.6","9.9","55.8","24.4","1843.902"
"436","MALAWI","1995","Africa","Low Income","","8.5","","53.8","26.5","1834.637"
"437","MALAWI","1998","Africa","Low Income","","11","","63.6","26.3","1958.961"
"438","MALAWI","2000","Africa","Low Income","2.9","6.8","8.8","54.6","21.5","2080.159"
"439","MALAWI","2004","Africa","Low Income","3.2","6.3","10.2","52.5","18.4","2286.081"
"440","MALAWI","2006","Africa","Low Income","1.5","4.2","11.3","53.2","15.5","2415.187"
"441","MALAWI","2009","Africa","Low Income","","1.8","4.9","48.8","12.1","2656.238"
"442","MALAWI","2010","Africa","Low Income","1.6","4.1","9.2","47.8","13.8","2721.433"
"443","MALAWI","2014","Africa","Low Income","1.1","3.8","5.1","42.4","16.7","2854.996"
"444","MALAWI","2015","Africa","Low Income","0.6","2.7","4.5","37.1","11.7","2887.867"
"445","MALAYSIA","1990","Asia","Upper Middle Income","","","","","22.1","2438.54"
"446","MALAYSIA","1991","Asia","Upper Middle Income","","","","","23.1","2470.317"
"447","MALAYSIA","1992","Asia","Upper Middle Income","","","","","22.6","2501.874"
"448","MALAYSIA","1993","Asia","Upper Middle Income","","","","","20.5","2533.864"
"449","MALAYSIA","1994","Asia","Upper Middle Income","","","","","19.7","2565.97"
"450","MALAYSIA","1995","Asia","Upper Middle Income","","","","","17.7","2596.542"
"451","MALAYSIA","1999","Asia","Upper Middle Income","","15.3","5.5","20.7","16.7","2684.162"
"452","MALAYSIA","2006","Asia","Upper Middle Income","","","","17.2","12.9","2479.848"
"453","MALAYSIA","2015","Asia","Upper Middle Income","","8","7.1","17.7","12.4","2569.345"
"454","MALAYSIA","2016","Asia","Upper Middle Income","","11.5","6","20.7","13.7","2612.2"
"455","MALDIVES","1994","Asia","Upper Middle Income","3.5","16.1","1.2","36.1","32.5","40.933"
"456","MALDIVES","1995","Asia","Upper Middle Income","","18.9","2.2","33","39","39.92"
"457","MALDIVES","1997","Asia","Upper Middle Income","9.2","19.9","9.8","43","36.7","36.94"
"458","MALDIVES","2001","Asia","Upper Middle Income","3.5","13.4","3.9","31.9","25.7","31.522"
"459","MALDIVES","2009","Asia","Upper Middle Income","2.6","10.2","6.5","20.3","17.8","31.933"
"460","MALI","1987","Africa","Low Income","3.2","11.3","0.5","35.8","28.6","1503.189"
"461","MALI","1996","Africa","Low Income","9.8","22","2.3","39.9","37.7","1867.412"
"462","MALI","2001","Africa","Low Income","4.2","12.6","3.1","42.7","30.1","2143.647"
"463","MALI","2006","Africa","Low Income","6","15.3","4.7","38.5","27.9","2573.997"
"464","MALI","2010","Africa","Low Income","1.9","8.9","1","27.8","18.9","2931.546"
"465","MALI","2015","Africa","Low Income","3.4","13.5","1.9","30.4","25","3274.146"
"466","MAURITANIA","1988","Africa","Lower Middle Income","","19.1","","40.2","","336.885"
"467","MAURITANIA","1990","Africa","Lower Middle Income","8","17.4","6.8","54.8","43.3","353.026"
"468","MAURITANIA","1996","Africa","Lower Middle Income","","8.7","","49.8","20.3","405.332"
"469","MAURITANIA","2000","Africa","Lower Middle Income","7.1","15.3","3.8","39.5","30.4","447.058"
"470","MAURITANIA","2007","Africa","Lower Middle Income","3.8","13.4","2.3","28.9","23.2","526.951"
"471","MAURITANIA","2008","Africa","Lower Middle Income","1.1","8.1","1","23","15.9","539.113"
"472","MAURITANIA","2011","Africa","Lower Middle Income","4","13.9","3.2","29.7","24.4","581.069"
"473","MAURITANIA","2012","Africa","Lower Middle Income","1.9","11.6","1.2","22","19.5","596.372"
"474","MAURITANIA","2015","Africa","Lower Middle Income","3.5","14.8","1.3","27.9","24.9","640.167"
"475","MAURITIUS","1985","Africa","Upper Middle Income","","18.3","8.8","27.3","21.1","104.341"
"476","MAURITIUS","1995","Africa","Upper Middle Income","","15.7","6.5","13.6","13","111.011"
"477","MEXICO","1988","Latin America and the Caribbean","Upper Middle Income","","7.4","6.1","28.7","12.4","11393.074"
"478","MEXICO","1989","Latin America and the Caribbean","Upper Middle Income","1.7","6.1","11","26","9.6","11447.713"
"479","MEXICO","1996","Latin America and the Caribbean","Upper Middle Income","","8.5","","25.8","10.3","11885.227"
"480","MEXICO","1998","Latin America and the Caribbean","Upper Middle Income","0.9","2.3","7.6","21.7","6","11995.837"
"481","MEXICO","2006","Latin America and the Caribbean","Upper Middle Income","0.4","2","7.6","15.5","3.4","11623.607"
"482","MEXICO","2012","Latin America and the Caribbean","Upper Middle Income","0.4","1.6","9","13.6","2.8","11459.499"
"483","MEXICO","2015","Latin America and the Caribbean","Upper Middle Income","0.4","1","5.2","12.4","3.9","11533.065"
"484","MONGOLIA","1992","Asia","Lower Middle Income","","2.4","","33.1","11.8","326.292"
"485","MONGOLIA","1999","Asia","Lower Middle Income","1.9","4.3","7","30.1","10.8","239.324"
"486","MONGOLIA","2000","Asia","Lower Middle Income","3","7.1","12.7","29.8","11.6","233.94"
"487","MONGOLIA","2004","Asia","Lower Middle Income","0.1","0.6","6.1","23.5","4.8","219.177"
"488","MONGOLIA","2005","Asia","Lower Middle Income","1.1","2.7","14.2","27.5","5.3","221.603"
"489","MONGOLIA","2010","Asia","Lower Middle Income","0.5","1.8","6.7","15.6","4.7","280.317"
"490","MONGOLIA","2013","Asia","Lower Middle Income","0.4","1","10.5","10.8","1.6","337.111"
"491","MONTENEGRO","2005","Europe","Upper Middle Income","2.2","4.2","15.6","7.9","2.2","40.302"
"492","MONTENEGRO","2013","Europe","Upper Middle Income","1.2","2.8","22.3","9.4","1","38.514"
"493","MOROCCO","1987","Africa","Lower Middle Income","1.5","3.9","5.5","34.5","12.7","3543.885"
"494","MOROCCO","1992","Africa","Lower Middle Income","1.1","2.6","10.7","29.9","8.1","3344.383"
"495","MOROCCO","1997","Africa","Lower Middle Income","2","4.7","13.7","29","7.7","3283.03"
"496","MOROCCO","2003","Africa","Lower Middle Income","5","10.8","13.3","23.1","9.9","3037.949"
"497","MOROCCO","2011","Africa","Lower Middle Income","1","2.3","10.7","14.9","3.1","3212.909"
"498","MOZAMBIQUE","1995","Africa","Low Income","","9.6","","59.9","23.9","2840.304"
"499","MOZAMBIQUE","1997","Africa","Low Income","4.3","9.8","5.9","48.7","26.3","3051.434"
"500","MOZAMBIQUE","2001","Africa","Low Income","","6.8","","49.6","23","3401.709"
"501","MOZAMBIQUE","2003","Africa","Low Income","2.1","5.4","6.3","47","21.2","3613.88"
"502","MOZAMBIQUE","2008","Africa","Low Income","1.3","4.2","3.6","43.7","18.3","4145.28"
"503","MOZAMBIQUE","2011","Africa","Low Income","2.3","6.1","7.9","43.1","15.6","4443.616"
"504","MYANMAR","1990","Asia","Lower Middle Income","","","","","32.5","5165.424"
"505","MYANMAR","1991","Asia","Lower Middle Income","","12.7","","53.6","37","5064.125"
"506","MYANMAR","1994","Asia","Lower Middle Income","","9.2","","58.7","31.2","4912.187"
"507","MYANMAR","1995","Asia","Lower Middle Income","","","","","38.7","4896.417"
"508","MYANMAR","1997","Asia","Lower Middle Income","","9.6","9.7","55.4","28.1","4929.849"
"509","MYANMAR","2000","Asia","Lower Middle Income","2.9","10.7","2.4","40.8","30.1","5057.418"
"510","MYANMAR","2003","Asia","Lower Middle Income","2.9","10.7","2.4","40.6","29.6","5298.581"
"511","MYANMAR","2009","Asia","Lower Middle Income","2.1","7.9","2.6","35.1","22.6","5021.325"
"512","MYANMAR","2016","Asia","Lower Middle Income","1.3","7","1.3","29.2","18.9","4537.81"
"513","NAMIBIA","1992","Africa","Upper Middle Income","3.2","9.6","4.5","35.7","21.5","249.936"
"514","NAMIBIA","2000","Africa","Upper Middle Income","3","10","3.3","29.5","20.3","276.686"
"515","NAMIBIA","2007","Africa","Upper Middle Income","2","7.5","4.6","29.6","17.5","281.507"
"516","NAMIBIA","2013","Africa","Upper Middle Income","2.8","7.1","4.1","23.1","13.2","317.961"
"517","NAURU","2007","Oceania","Upper Middle Income","0.2","1","2.8","24","4.8","1"
"518","NEPAL","1995","Asia","Low Income","","6","","68.2","42.6","3350.507"
"519","NEPAL","1996","Asia","Low Income","2.8","12.6","0.7","65.7","47.1","3422.043"
"520","NEPAL","1998","Asia","Low Income","1.4","7.9","0.4","61.1","38.2","3523.677"
"521","NEPAL","2001","Asia","Low Income","2.8","11.3","0.7","57.1","43","3585.483"
"522","NEPAL","2006","Asia","Low Income","2.7","12.7","0.6","49.3","38.8","3384.356"
"523","NEPAL","2011","Asia","Low Income","2.9","11.2","1.5","40.5","29.1","3101.536"
"524","NEPAL","2014","Asia","Low Income","3.2","11.3","2.1","37.4","30.1","2857.447"
"525","NEPAL","2016","Asia","Low Income","1.8","9.7","1.2","35.8","27","2756.281"
"526","NICARAGUA","1993","Latin America and the Caribbean","Lower Middle Income","0.9","2.4","5.7","29.6","9.6","691.541"
"527","NICARAGUA","1998","Latin America and the Caribbean","Lower Middle Income","1.5","3.3","7","30.5","10.3","676.981"
"528","NICARAGUA","2001","Latin America and the Caribbean","Lower Middle Income","0.8","2.3","7.1","25.2","7.8","660.342"
"529","NICARAGUA","2004","Latin America and the Caribbean","Lower Middle Income","0","0.3","5.2","18.8","4.3","641.307"
"530","NICARAGUA","2006","Latin America and the Caribbean","Lower Middle Income","0.5","1.5","6.2","23","5.7","632.424"
"531","NICARAGUA","2012","Latin America and the Caribbean","Lower Middle Income","0.7","2.2","8.3","17.3","4.6","625.7"
"532","NIGER (THE)","1985","Africa","Low Income","","25.3","","43.8","45","1430.494"
"533","NIGER (THE)","1992","Africa","Low Income","6.7","18.9","2","48.3","41","1726.497"
"534","NIGER (THE)","1998","Africa","Low Income","6.5","19.8","1.1","50.7","46.9","2173.154"
"535","NIGER (THE)","2000","Africa","Low Income","6.2","16.2","1.6","54.2","43.6","2342.97"
"536","NIGER (THE)","2006","Africa","Low Income","4.3","12.4","3.5","54.8","39.9","2949.612"
"537","NIGER (THE)","2012","Africa","Low Income","6.9","18.7","3","43","37.9","3667.929"
"538","NIGER (THE)","2016","Africa","Low Income","1.9","10.3","","42.2","31.7","4217.879"
"539","NIGERIA","1990","Africa","Lower Middle Income","4.5","11.8","3.2","50.5","35.1","16808.704"
"540","NIGERIA","1993","Africa","Lower Middle Income","","20.6","5.5","43.8","35.1","17839.139"
"541","NIGERIA","2003","Africa","Lower Middle Income","4.8","11.2","6.2","43","27.2","23033.519"
"542","NIGERIA","2007","Africa","Lower Middle Income","6.7","13.4","13.3","42.8","25.7","25765.534"
"543","NIGERIA","2008","Africa","Lower Middle Income","7.7","14.4","10.5","41","26.7","26394.364"
"544","NIGERIA","2011","Africa","Lower Middle Income","3.1","10.2","3","36","24.4","28404.179"
"545","NIGERIA","2013","Africa","Lower Middle Income","9.1","18.1","4.9","36.4","31","29791.267"
"546","NIGERIA","2014","Africa","Lower Middle Income","2","7.9","1.8","32.9","19.8","30461.065"
"547","NIGERIA","2015","Africa","Lower Middle Income","1.8","7.2","1.6","32.9","19.4","31109.161"
"548","NIGERIA","2016","Africa","Lower Middle Income","2.9","10.8","1.5","43.6","31.5","31801.5"
"549","OMAN","1991","Asia","High Income","","7.8","8.4","24.2","18.6","323.08"
"550","OMAN","1994","Asia","High Income","0.8","7.2","1","21.1","10.4","316.531"
"551","OMAN","1999","Asia","High Income","1.1","7.3","1.6","12.9","11.3","288.705"
"552","OMAN","2009","Asia","High Income","0.8","7.1","1.7","9.8","8.6","275.056"
"553","OMAN","2014","Asia","High Income","2.4","7.5","4.4","14.1","9.7","369.953"
"554","PAKISTAN","1986","Asia","Lower Middle Income","","24","7.8","62.5","44.4","16239.89"
"555","PAKISTAN","1991","Asia","Lower Middle Income","4.8","12.5","5.4","54.5","39","18961.337"
"556","PAKISTAN","1992","Asia","Lower Middle Income","5","17.2","1.6","42.7","35.3","19244.166"
"557","PAKISTAN","1995","Asia","Lower Middle Income","","","","","34.2","19550.139"
"558","PAKISTAN","2001","Asia","Lower Middle Income","5.9","14.2","4.8","41.5","31.3","20265.38"
"559","PAKISTAN","2011","Asia","Lower Middle Income","5.7","14.8","6.4","43","30.9","23272.258"
"560","PAKISTAN","2012","Asia","Lower Middle Income","3.3","10.5","4.8","45","31.6","23818.566"
"561","PANAMA","1997","Latin America and the Caribbean","Upper Middle Income","0.4","1.4","6.2","21.5","6.3","327.721"
"562","PANAMA","2003","Latin America and the Caribbean","Upper Middle Income","","","","22.2","5.1","350.213"
"563","PANAMA","2008","Latin America and the Caribbean","Upper Middle Income","0.3","1.2","","19.1","3.9","360.627"
"564","PAPUA NEW GUINEA","1983","Oceania","Lower Middle Income","1.2","5.5","3.1","46","22.8","601.519"
"565","PAPUA NEW GUINEA","2005","Oceania","Lower Middle Income","0.8","4.4","3.4","43.9","18.1","920.787"
"566","PAPUA NEW GUINEA","2010","Oceania","Lower Middle Income","6.5","14.3","13.8","49.5","27.9","983.166"
"567","PARAGUAY","1990","Latin America and the Caribbean","Upper Middle Income","0.2","0.6","6.3","18.3","2.8","653.506"
"568","PARAGUAY","2005","Latin America and the Caribbean","Upper Middle Income","","1.1","7.1","17.5","3.4","669.037"
"569","PARAGUAY","2012","Latin America and the Caribbean","Upper Middle Income","0.4","2.6","11.7","10.9","2.6","683.938"
"570","PARAGUAY","2016","Latin America and the Caribbean","Upper Middle Income","0.4","1","12.4","5.6","1.3","671.7"
"571","PERU","1991","Latin America and the Caribbean","Upper Middle Income","0.6","1.9","9.3","37.3","8.8","3060.35"
"572","PERU","1996","Latin America and the Caribbean","Upper Middle Income","0.7","1.6","9.9","31.6","5.7","3063.74"
"573","PERU","2000","Latin America and the Caribbean","Upper Middle Income","0.4","1.1","11.8","31.3","5.2","3009.387"
"574","PERU","2005","Latin America and the Caribbean","Upper Middle Income","0.1","1","9.1","29.8","5.4","2960.998"
"575","PERU","2008","Latin America and the Caribbean","Upper Middle Income","0.2","0.8","9.8","28.2","4.5","2952.039"
"576","PERU","2009","Latin America and the Caribbean","Upper Middle Income","0.2","0.6","10.3","23.9","4.3","2946.076"
"577","PERU","2010","Latin America and the Caribbean","Upper Middle Income","0.1","0.7","8.1","23.3","4.3","2950.506"
"578","PERU","2011","Latin America and the Caribbean","Upper Middle Income","0.1","0.4","8.9","19.6","4.2","2957.457"
"579","PERU","2012","Latin America and the Caribbean","Upper Middle Income","0.1","0.6","7.2","18.4","3.5","2972.648"
"580","PERU","2013","Latin America and the Caribbean","Upper Middle Income","0.1","0.4","","17.5","3.5","2993.023"
"581","PERU","2014","Latin America and the Caribbean","Upper Middle Income","0.1","0.6","","14.6","3.1","3010.662"
"582","PERU","2015","Latin America and the Caribbean","Upper Middle Income","0.3","0.8","","14.4","3.4","3020.032"
"583","PERU","2016","Latin America and the Caribbean","Upper Middle Income","0.6","1","","13.1","3.1","3032.6"
"584","PHILIPPINES (THE)","1987","Asia","Lower Middle Income","","5.7","","44.7","29.3","8882.434"
"585","PHILIPPINES (THE)","1990","Asia","Lower Middle Income","","6.9","","43.3","29.9","9450.035"
"586","PHILIPPINES (THE)","1992","Asia","Lower Middle Income","","8.8","1.7","40.9","29.8","9770.793"
"587","PHILIPPINES (THE)","1993","Asia","Lower Middle Income","","9.1","","38.9","26.3","9868.664"
"588","PHILIPPINES (THE)","1998","Asia","Lower Middle Income","","8","1.9","38.3","28.3","10441.047"
"589","PHILIPPINES (THE)","2003","Asia","Lower Middle Income","1.6","6","2.4","33.8","20.7","11250.61"
"590","PHILIPPINES (THE)","2008","Asia","Lower Middle Income","2","6.9","3.3","32.3","20.7","11155.915"
"591","PHILIPPINES (THE)","2011","Asia","Lower Middle Income","2.4","7.3","4.3","33.6","20.2","11076.074"
"592","PHILIPPINES (THE)","2013","Asia","Lower Middle Income","","7.9","5","30.3","19.9","11240.688"
"593","PHILIPPINES (THE)","2015","Asia","Lower Middle Income","","7.1","3.9","33.4","21.5","11434.444"
"594","QATAR","1995","Asia","High Income","","2.1","10.4","11.6","4.8","49.998"
"595","REPUBLIC OF KOREA (THE)","2003","Asia","High Income","0.2","0.9","6.2","2.5","0.9","2685.532"
"596","REPUBLIC OF KOREA (THE)","2010","Asia","High Income","0.1","1.2","7.3","2.5","0.7","2288.773"
"597","REPUBLIC OF MOLDOVA (THE)","2005","Europe","Lower Middle Income","2.3","5.8","9.1","11.3","3.2","205.401"
"598","REPUBLIC OF MOLDOVA (THE)","2012","Europe","Lower Middle Income","0.5","1.9","4.9","6.4","2.2","225.609"
"599","ROMANIA","1991","Europe","Upper Middle Income","","3.3","4","11.2","5","1792.329"
"600","ROMANIA","1999","Europe","Upper Middle Income","0.8","3.6","10.1","15.3","3.4","1113.677"
"601","ROMANIA","2000","Europe","Upper Middle Income","1.1","4.3","8.9","12.8","3.7","1120.087"
"602","ROMANIA","2001","Europe","Upper Middle Income","1","3.9","9.1","14","3.8","1167.846"
"603","ROMANIA","2002","Europe","Upper Middle Income","0.7","3.5","8.3","12.8","3.5","1165.17"
"604","RWANDA","1992","Africa","Low Income","1.8","5","4","56.8","24.3","1161.152"
"605","RWANDA","1996","Africa","Low Income","","11","","45.4","22.6","757.452"
"606","RWANDA","2000","Africa","Low Income","3.8","8.7","7.2","48.3","20.3","1312.971"
"607","RWANDA","2005","Africa","Low Income","1.7","4.8","6.7","51.7","18","1454.303"
"608","RWANDA","2010","Africa","Low Income","1","3","7.1","44.3","11.7","1641.692"
"609","RWANDA","2015","Africa","Low Income","0.6","2.2","7.7","37.9","9.3","1734.543"
"610","RWANDA","2015","Africa","Low Income","0.7","1.7","","36.7","8.1","1734.543"
"611","SAINT LUCIA","2012","Latin America and the Caribbean","Upper Middle Income","0.7","3.7","6.3","2.5","2.8","10.895"
"612","SAMOA","1999","Oceania","Upper Middle Income","","1.3","6.2","6.4","1.7","25.639"
"613","SAMOA","2014","Oceania","Upper Middle Income","1.1","3.7","5.4","4.7","2.7","24.718"
"614","SAO TOME AND PRINCIPE","1986","Africa","Lower Middle Income","","6","","32","14.5","17.67"
"615","SAO TOME AND PRINCIPE","2000","Africa","Lower Middle Income","1.2","3.9","9.2","35.2","10.1","23.151"
"616","SAO TOME AND PRINCIPE","2006","Africa","Lower Middle Income","","9.6","15.4","28.9","8","27.579"
"617","SAO TOME AND PRINCIPE","2008","Africa","Lower Middle Income","4.9","11.2","11.6","31.6","14.4","28.419"
"618","SAO TOME AND PRINCIPE","2014","Africa","Lower Middle Income","0.8","4","2.4","17.2","8.8","30.58"
"619","SAUDI ARABIA","1994","Asia","High Income","","2.9","1.2","21.4","13.5","2761.921"
"620","SAUDI ARABIA","2005","Asia","High Income","4.5","11.8","6.1","9.3","5.3","2745.367"
"621","SENEGAL","1986","Africa","Low Income","1.2","5.1","2.3","26.5","17","1285.753"
"622","SENEGAL","1992","Africa","Low Income","","9","4","34.4","20.4","1444.067"
"623","SENEGAL","1993","Africa","Low Income","3","9.4","4","33.7","21.9","1476.981"
"624","SENEGAL","1996","Africa","Low Income","","8.2","","28.8","19.6","1573.073"
"625","SENEGAL","2000","Africa","Low Income","3","10","3.2","29.5","20.3","1672.115"
"626","SENEGAL","2005","Africa","Low Income","2.3","8.7","2.4","20.1","14.5","1870.068"
"627","SENEGAL","2011","Africa","Low Income","2.2","9.8","2.8","28.7","19.2","2248.346"
"628","SENEGAL","2012","Africa","Low Income","1.2","8.7","0.7","15.5","14.4","2316.858"
"629","SENEGAL","2013","Africa","Low Income","1.9","8.9","1.5","19.2","16.8","2380.743"
"630","SENEGAL","2014","Africa","Low Income","0.7","5.8","1.3","19.4","12.8","2439.437"
"631","SENEGAL","2015","Africa","Low Income","1.4","7.8","1","20.5","15.5","2492.79"
"632","SENEGAL","2016","Africa","Low Income","1.2","7.2","0.9","17","13.5","2544.313"
"633","SERBIA","2005","Europe","Upper Middle Income","1.8","4.5","19.3","8.1","1.8","533.213"
"634","SERBIA","2010","Europe","Upper Middle Income","0.8","3.5","15.6","6.6","1.6","488.317"
"635","SERBIA","2014","Europe","Upper Middle Income","1.1","3.9","13.9","6","1.8","469.627"
"636","SEYCHELLES","1988","Africa","High Income","","2.7","5.8","7.7","5","8.401"
"637","SEYCHELLES","2012","Africa","High Income","1.2","4.3","10.2","7.9","3.6","7.697"
"638","SIERRA LEONE","1989","Africa","Low Income","","8.4","","41.4","23.7","769.566"
"639","SIERRA LEONE","1990","Africa","Low Income","","10.2","","40.9","25.4","772.241"
"640","SIERRA LEONE","2000","Africa","Low Income","3.9","11.6","4.7","38.4","24.7","810.096"
"641","SIERRA LEONE","2005","Africa","Low Income","4.2","10.2","5.9","46.9","28.3","991.441"
"642","SIERRA LEONE","2008","Africa","Low Income","4.7","10.5","10.1","37.4","21.3","1066.714"
"643","SIERRA LEONE","2010","Africa","Low Income","4.2","9.2","10.3","44.9","21.1","1091.253"
"644","SIERRA LEONE","2013","Africa","Low Income","4.3","9.4","8.9","37.9","18.1","1123.225"
"645","SINGAPORE","2000","Asia","High Income","0.5","3.6","2.6","4.4","3.3","255.543"
"646","SOLOMON ISLANDS","1989","Oceania","Lower Middle Income","2","7.4","1.9","33.7","16.3","52.056"
"647","SOLOMON ISLANDS","2007","Oceania","Lower Middle Income","1.4","4.3","2.5","32.8","11.5","75.948"
"648","SOLOMON ISLANDS","2015","Oceania","Lower Middle Income","3.1","7.9","3.9","31.6","15.5","82.681"
"649","SOMALIA","2000","Africa","Low Income","","19.3","","29.2","22.8","1804.782"
"650","SOMALIA","2006","Africa","Low Income","4.4","13.2","4.7","42.1","32.8","2042.357"
"651","SOMALIA","2009","Africa","Low Income","5.2","15","3","25.3","23","2221.771"
"652","SOUTH AFRICA","1994","Africa","Upper Middle Income","","","","31.5","","5147.3"
"653","SOUTH AFRICA","1995","Africa","Upper Middle Income","","3.3","10.3","28.7","8","5131.453"
"654","SOUTH AFRICA","1999","Africa","Upper Middle Income","","4.5","10.4","30.1","9.8","5151.241"
"655","SOUTH AFRICA","2004","Africa","Upper Middle Income","4","7.4","19.2","32.8","11.6","5241.529"
"656","SOUTH AFRICA","2008","Africa","Upper Middle Income","2.4","4.8","13.3","24.9","8.8","5333.303"
"657","SOUTH AFRICA","2012","Africa","Upper Middle Income","3.1","5.6","17.2","27.2","8.5","5513.9"
"658","SOUTH AFRICA","2016","Africa","Upper Middle Income","0.6","2.5","13.3","27.4","5.9","5704.84"
"659","SOUTH SUDAN","2006","Africa","Low Income","12.9","24.6","10.9","36.2","32.5","1427.444"
"660","SOUTH SUDAN","2010","Africa","Low Income","9.9","22.7","6","31.1","27.6","1657.58"
"661","SRI LANKA","1987","Asia","Lower Middle Income","1.6","14.9","0.3","32.3","32.8","1883.703"
"662","SRI LANKA","1993","Asia","Lower Middle Income","","17.5","","29.7","33.8","1723.845"
"663","SRI LANKA","1995","Asia","Lower Middle Income","","15.3","","26.1","29.3","1716.653"
"664","SRI LANKA","2000","Asia","Lower Middle Income","2.4","15.5","1","18.4","22.8","1641.607"
"665","SRI LANKA","2007","Asia","Lower Middle Income","2.8","14.7","1.6","17.3","21.1","1797.145"
"666","SRI LANKA","2009","Asia","Lower Middle Income","1.9","11.8","0.8","19.2","21.6","1797.296"
"667","SRI LANKA","2012","Asia","Lower Middle Income","3","21.4","0.6","14.7","26.3","1743.692"
"668","SRI LANKA","2016","Asia","Lower Middle Income","3","15.1","2","17.3","20.5","1601.546"
"669","SUDAN (THE)","2006","Africa","Lower Middle Income","5.7","14.5","4.2","38.3","27","5253.891"
"670","SUDAN (THE)","2010","Africa","Lower Middle Income","4","15.3","1.5","34.1","29.7","5529.78"
"671","SUDAN (THE)","2014","Africa","Lower Middle Income","4.5","16.3","3","38.2","33","5783.862"
"672","SURINAME","2000","Latin America and the Caribbean","Upper Middle Income","2","7","2.9","14.5","11.4","53.393"
"673","SURINAME","2006","Latin America and the Caribbean","Upper Middle Income","1","4.9","4","10.7","7.5","51.002"
"674","SURINAME","2010","Latin America and the Caribbean","Upper Middle Income","0.8","5","4","8.8","5.8","50.043"
"675","SWAZILAND","2000","Africa","Lower Middle Income","0.7","1.7","14.9","36.6","9.1","157.286"
"676","SWAZILAND","2006","Africa","Lower Middle Income","1.3","2.9","11.4","29.5","6.1","159.558"
"677","SWAZILAND","2008","Africa","Lower Middle Income","0.3","1.1","","40.4","7.3","163.95"
"678","SWAZILAND","2010","Africa","Lower Middle Income","0.4","0.8","10.7","31","5.8","169.062"
"679","SWAZILAND","2014","Africa","Lower Middle Income","0.4","2","9","25.5","5.8","176.879"
"680","SYRIAN ARAB REPUBLIC (THE)","1993","Asia","Lower Middle Income","4.5","10","15","32.9","11.5","2157.302"
"681","SYRIAN ARAB REPUBLIC (THE)","1995","Asia","Lower Middle Income","","10.4","","26.5","11.3","2185.908"
"682","SYRIAN ARAB REPUBLIC (THE)","2000","Asia","Lower Middle Income","","4.9","","24.3","6","2432.026"
"683","SYRIAN ARAB REPUBLIC (THE)","2001","Asia","Lower Middle Income","5.4","10.3","19.7","31.1","11.1","2498.158"
"684","SYRIAN ARAB REPUBLIC (THE)","2006","Asia","Lower Middle Income","4.8","10.3","18.7","28.6","10","2532.363"
"685","SYRIAN ARAB REPUBLIC (THE)","2009","Asia","Lower Middle Income","5.5","11.5","17.9","27.5","10.1","2706.049"
"686","TAJIKISTAN","1999","Asia","Lower Middle Income","","11.4","","41.5","","895.515"
"687","TAJIKISTAN","2000","Asia","Lower Middle Income","","9.4","","42.1","","892.398"
"688","TAJIKISTAN","2001","Asia","Lower Middle Income","","19.4","","43.2","","890.588"
"689","TAJIKISTAN","2002","Asia","Lower Middle Income","","6.1","","37.1","","879.315"
"690","TAJIKISTAN","2003","Asia","Lower Middle Income","","5.9","","42.4","","864.026"
"691","TAJIKISTAN","2005","Asia","Lower Middle Income","3.5","8.7","6.7","33.1","14.9","858.597"
"692","TAJIKISTAN","2007","Asia","Lower Middle Income","3.1","6.7","","39.2","15","884.118"
"693","TAJIKISTAN","2009","Asia","Lower Middle Income","1.3","4.3","4.2","28.8","8.3","965.653"
"694","TAJIKISTAN","2012","Asia","Lower Middle Income","4.1","9.9","6.6","26.8","13.3","1099.272"
"695","THAILAND","1987","Asia","Upper Middle Income","0.9","5.7","1.3","24.6","20.2","5588.077"
"696","THAILAND","1993","Asia","Upper Middle Income","","7.3","","21.1","16.3","5224.563"
"697","THAILAND","1995","Asia","Upper Middle Income","","6.7","4.7","18.1","15.4","5125.727"
"698","THAILAND","2006","Asia","Upper Middle Income","1.4","4.7","8","15.7","7","4187.655"
"699","THAILAND","2012","Asia","Upper Middle Income","2.2","6.7","10.9","16.3","9.2","4019.889"
"700","THAILAND","2016","Asia","Upper Middle Income","1.4","5.4","8.2","10.5","6.7","3767.698"
"701","THE FORMER YUGOSLAV REPUBLIC OF MACEDONIA","1999","Europe","Upper Middle Income","0.4","1.7","9.6","8","1.9","140.378"
"702","THE FORMER YUGOSLAV REPUBLIC OF MACEDONIA","2005","Europe","Upper Middle Income","1.7","3.4","16.2","11.5","1.8","124.035"
"703","THE FORMER YUGOSLAV REPUBLIC OF MACEDONIA","2011","Europe","Upper Middle Income","0.2","1.8","12.4","4.9","1.3","110.937"
"704","TIMOR-LESTE","2002","Asia","Lower Middle Income","4.9","13.7","5.7","55.7","40.6","182.111"
"705","TIMOR-LESTE","2003","Asia","Lower Middle Income","","14.3","","54.8","41.5","180.672"
"706","TIMOR-LESTE","2007","Asia","Lower Middle Income","7.5","24.5","","53.9","48.6","173.186"
"707","TIMOR-LESTE","2009","Asia","Lower Middle Income","7.6","18.9","5.8","57.7","45.3","182.286"
"708","TIMOR-LESTE","2013","Asia","Lower Middle Income","1.9","11","1.5","50.2","37.7","200.728"
"709","TOGO","1988","Africa","Low Income","1.4","5.9","2.9","40.7","21.7","660.02"
"710","TOGO","1996","Africa","Low Income","","","","40.2","16.7","739.48"
"711","TOGO","1998","Africa","Low Income","3.6","12.4","2.3","33.2","23.8","774.056"
"712","TOGO","2006","Africa","Low Income","6.3","16.3","4.7","27.8","22.3","983.229"
"713","TOGO","2008","Africa","Low Income","0.7","6","","26.9","20.5","1033.691"
"714","TOGO","2010","Africa","Low Income","1","4.8","1.6","29.8","16.5","1076.937"
"715","TOGO","2014","Africa","Low Income","1.5","6.7","2","27.5","16.2","1147.214"
"716","TONGA","1986","Oceania","Upper Middle Income","","1.3","","2.2","","14.519"
"717","TONGA","2012","Oceania","Upper Middle Income","2.1","5.2","17.3","8.1","1.9","13.518"
"718","TRINIDAD AND TOBAGO","1987","Latin America and the Caribbean","High Income","1.2","4.8","3.5","6.3","6.2","153.942"
"719","TRINIDAD AND TOBAGO","2000","Latin America and the Caribbean","High Income","0.9","5.2","4.9","5.3","4.4","89.616"
"720","TRINIDAD AND TOBAGO","2011","Latin America and the Caribbean","High Income","2.1","6.3","11.5","11","5.5","97.6"
"721","TUNISIA","1988","Africa","Lower Middle Income","0.6","3.1","3.7","18.5","7.9","1070.323"
"722","TUNISIA","1997","Africa","Lower Middle Income","","7.2","1.4","11.9","3.3","897.635"
"723","TUNISIA","2000","Africa","Lower Middle Income","","2.9","","16.8","3.5","840.261"
"724","TUNISIA","2006","Africa","Lower Middle Income","1.2","3.4","8.8","9","3.3","803.193"
"725","TUNISIA","2012","Africa","Lower Middle Income","1.7","2.8","14.3","10.1","2.3","927.519"
"726","TURKEY","1993","Asia","Upper Middle Income","1","3.8","5","24.1","8.7","6445.356"
"727","TURKEY","1995","Asia","Upper Middle Income","","","","","9","6438.939"
"728","TURKEY","1998","Asia","Upper Middle Income","0.8","3","4","19.1","7","6565.827"
"729","TURKEY","2004","Asia","Upper Middle Income","0.4","1.1","9.1","15.6","3.5","6580.174"
"730","TURKEY","2008","Asia","Upper Middle Income","0.2","0.8","","12.3","1.7","6382.824"
"731","TURKEY","2013","Asia","Upper Middle Income","0.4","1.7","10.9","9.5","1.9","6635.619"
"732","TURKMENISTAN","2000","Asia","Upper Middle Income","","7.1","","28.1","10.5","489.648"
"733","TURKMENISTAN","2006","Asia","Upper Middle Income","2.1","7.2","4.5","18.9","9.2","522.463"
"734","TURKMENISTAN","2015","Asia","Upper Middle Income","1.1","4.2","5.9","11.5","3.2","678.766"
"735","TUVALU","2007","Oceania","Upper Middle Income","0.9","3.3","6.3","10","1.6","1"
"736","UGANDA","1988","Africa","Low Income","0.9","3.1","3.6","47.6","19.7","3203.494"
"737","UGANDA","1995","Africa","Low Income","2","5.9","5","45.7","20.8","4142.047"
"738","UGANDA","2000","Africa","Low Income","1.5","5","4.9","44.8","19","4842.238"
"739","UGANDA","2006","Africa","Low Income","2.2","6.3","4.9","38.7","16.4","5935.783"
"740","UGANDA","2011","Africa","Low Income","1.5","4.8","3.8","33.7","14.1","6810.583"
"741","UGANDA","2012","Africa","Low Income","0.3","4.3","5.8","34.2","12","6985.4"
"742","UGANDA","2016","Africa","Low Income","1.3","3.6","3.7","28.9","10.5","7698.908"
"743","UKRAINE","2000","Europe","Lower Middle Income","3.8","8.2","26.5","22.9","4.1","2160.554"
"744","UNITED REPUBLIC OF TANZANIA (THE)","1991","Africa","Low Income","2.8","7.9","5.7","49.7","25.1","4806.784"
"745","UNITED REPUBLIC OF TANZANIA (THE)","1996","Africa","Low Income","3","8.5","4.6","49.7","26.9","5507.29"
"746","UNITED REPUBLIC OF TANZANIA (THE)","1999","Africa","Low Income","2","5.6","3.3","48.3","25.3","5829.325"
"747","UNITED REPUBLIC OF TANZANIA (THE)","2004","Africa","Low Income","1","3.5","4.9","44.4","16.7","6855.841"
"748","UNITED REPUBLIC OF TANZANIA (THE)","2009","Africa","Low Income","","2.7","","43","15.9","8005.096"
"749","UNITED REPUBLIC OF TANZANIA (THE)","2010","Africa","Low Income","1.3","4.9","5.5","42.5","16.2","8225.569"
"750","UNITED REPUBLIC OF TANZANIA (THE)","2011","Africa","Low Income","","6.6","","34.8","13.6","8455.923"
"751","UNITED REPUBLIC OF TANZANIA (THE)","2013","Africa","Low Income","1.4","4.3","5.2","37.1","13","8943.136"
"752","UNITED REPUBLIC OF TANZANIA (THE)","2014","Africa","Low Income","0.9","3.8","","34.7","13.4","9186.715"
"753","UNITED REPUBLIC OF TANZANIA (THE)","2015","Africa","Low Income","1.2","4.5","3.6","34.4","13.7","9419.084"
"754","UNITED STATES OF AMERICA (THE)","1991","Northern America","High Income","0.1","0.7","5.4","3.2","0.9","19555.672"
"755","UNITED STATES OF AMERICA (THE)","2001","Northern America","High Income","0","0.4","7","3.3","1.1","19382.292"
"756","UNITED STATES OF AMERICA (THE)","2005","Northern America","High Income","0.1","0.8","8.1","3.2","1.1","20273.45"
"757","UNITED STATES OF AMERICA (THE)","2009","Northern America","High Income","0","0.5","7.8","2.7","0.8","20913.782"
"758","UNITED STATES OF AMERICA (THE)","2012","Northern America","High Income","0","0.5","6","2.1","0.5","20508.408"
"759","URUGUAY","1987","Latin America and the Caribbean","High Income","","","","21","6.5","258.579"
"760","URUGUAY","1999","Latin America and the Caribbean","High Income","0.8","2.3","9","12.8","4.7","274.484"
"761","URUGUAY","2002","Latin America and the Caribbean","High Income","0.5","2.4","10","14.7","5.4","262.511"
"762","URUGUAY","2003","Latin America and the Caribbean","High Income","0.9","2.8","11.5","15.8","5.1","259.864"
"763","URUGUAY","2004","Latin America and the Caribbean","High Income","0.7","3","9.4","13.9","6","257.609"
"764","URUGUAY","2007","Latin America and the Caribbean","High Income","1","2.5","7.9","10.8","4.2","251.8"
"765","URUGUAY","2011","Latin America and the Caribbean","High Income","0","1.3","7.2","10.7","4","246.171"
"766","UZBEKISTAN","1996","Asia","Lower Middle Income","6.1","10.7","15.9","39.5","13.3","3237.549"
"767","UZBEKISTAN","2002","Asia","Lower Middle Income","3.9","8.9","11.1","25.3","7.1","2650.155"
"768","UZBEKISTAN","2006","Asia","Lower Middle Income","1.7","4.5","12.8","19.6","4.4","2606.168"
"769","VANUATU","1996","Oceania","Lower Middle Income","","6.8","","25.7","10.6","26.797"
"770","VANUATU","2007","Oceania","Lower Middle Income","1.9","5.9","4.7","25.9","11.7","30.912"
"771","VANUATU","2013","Oceania","Lower Middle Income","1.1","4.4","4.6","28.5","10.7","35.244"
"772","VENEZUELA (BOLIVARIAN REPUBLIC OF)","1987","Latin America and the Caribbean","Upper Middle Income","","2.2","9","7","3.9","2605.928"
"773","VENEZUELA (BOLIVARIAN REPUBLIC OF)","1990","Latin America and the Caribbean","Upper Middle Income","","5.7","4","18.6","6.7","2764.28"
"774","VENEZUELA (BOLIVARIAN REPUBLIC OF)","1991","Latin America and the Caribbean","Upper Middle Income","","4.5","4.3","18.2","5.4","2807.378"
"775","VENEZUELA (BOLIVARIAN REPUBLIC OF)","1992","Latin America and the Caribbean","Upper Middle Income","","4.3","4.9","18.3","4.5","2822.53"
"776","VENEZUELA (BOLIVARIAN REPUBLIC OF)","1993","Latin America and the Caribbean","Upper Middle Income","","4","4.9","17.4","4","2817.672"
"777","VENEZUELA (BOLIVARIAN REPUBLIC OF)","1994","Latin America and the Caribbean","Upper Middle Income","","3.8","5","17.9","3.9","2807.834"
"778","VENEZUELA (BOLIVARIAN REPUBLIC OF)","1995","Latin America and the Caribbean","Upper Middle Income","","3.8","4.7","18.9","4.1","2803.484"
"779","VENEZUELA (BOLIVARIAN REPUBLIC OF)","1996","Latin America and the Caribbean","Upper Middle Income","","3.8","4.7","19.3","4.4","2786.423"
"780","VENEZUELA (BOLIVARIAN REPUBLIC OF)","1997","Latin America and the Caribbean","Upper Middle Income","","3.8","5","19.9","4.5","2785.99"
"781","VENEZUELA (BOLIVARIAN REPUBLIC OF)","1998","Latin America and the Caribbean","Upper Middle Income","","4.4","4.9","19.2","4.6","2797.808"
"782","VENEZUELA (BOLIVARIAN REPUBLIC OF)","1999","Latin America and the Caribbean","Upper Middle Income","","4","5.2","18.3","4.1","2812.463"
"783","VENEZUELA (BOLIVARIAN REPUBLIC OF)","2000","Latin America and the Caribbean","Upper Middle Income","","3.9","5.3","17.4","3.9","2823.412"
"784","VENEZUELA (BOLIVARIAN REPUBLIC OF)","2001","Latin America and the Caribbean","Upper Middle Income","","4.4","5.4","17.3","4","2840.423"
"785","VENEZUELA (BOLIVARIAN REPUBLIC OF)","2002","Latin America and the Caribbean","Upper Middle Income","","4.8","5.4","17.6","4.2","2854.144"
"786","VENEZUELA (BOLIVARIAN REPUBLIC OF)","2003","Latin America and the Caribbean","Upper Middle Income","","5.2","5.3","17.7","4.6","2864.68"
"787","VENEZUELA (BOLIVARIAN REPUBLIC OF)","2004","Latin America and the Caribbean","Upper Middle Income","","5.2","5.2","17.1","4.5","2874.753"
"788","VENEZUELA (BOLIVARIAN REPUBLIC OF)","2005","Latin America and the Caribbean","Upper Middle Income","","4.8","5.5","16.2","4.1","2886.49"
"789","VENEZUELA (BOLIVARIAN REPUBLIC OF)","2006","Latin America and the Caribbean","Upper Middle Income","","4.8","6.1","16.2","3.9","2906.309"
"790","VENEZUELA (BOLIVARIAN REPUBLIC OF)","2007","Latin America and the Caribbean","Upper Middle Income","","5","6.1","15.6","3.7","2921.021"
"791","VENEZUELA (BOLIVARIAN REPUBLIC OF)","2008","Latin America and the Caribbean","Upper Middle Income","","4.5","6.3","14.6","3.2","2932.204"
"792","VENEZUELA (BOLIVARIAN REPUBLIC OF)","2009","Latin America and the Caribbean","Upper Middle Income","","4.1","6.4","13.4","2.9","2941.185"
"793","VIET NAM","1988","Asia","Lower Middle Income","","11.1","","61.3","40.7","9040.48"
"794","VIET NAM","1993","Asia","Lower Middle Income","1.3","6.7","2.8","61.4","36.9","9409.281"
"795","VIET NAM","1994","Asia","Lower Middle Income","","13.5","","52.5","40.6","9363.981"
"796","VIET NAM","1998","Asia","Lower Middle Income","","11.9","1.4","42.1","35.8","8106.876"
"797","VIET NAM","1999","Asia","Lower Middle Income","2.8","11","1.8","43.7","31.1","7619.841"
"798","VIET NAM","2000","Asia","Lower Middle Income","1","6.1","2.5","43.4","26.7","7244.527"
"799","VIET NAM","2002","Asia","Lower Middle Income","2.4","8.9","2.6","37.5","23.4","6553.569"
"800","VIET NAM","2003","Asia","Lower Middle Income","2.8","10.9","2.2","35.4","24.6","6587.677"
"801","VIET NAM","2004","Asia","Lower Middle Income","2.8","11.3","2.7","33.7","23.8","6691.533"
"802","VIET NAM","2005","Asia","Lower Middle Income","2.8","10.7","2.6","33.2","22.7","6760.019"
"803","VIET NAM","2006","Asia","Lower Middle Income","2.5","9.9","3.1","31.8","22.1","6988.751"
"804","VIET NAM","2007","Asia","Lower Middle Income","2.4","10.1","2.9","32.2","22.6","7108.596"
"805","VIET NAM","2008","Asia","Lower Middle Income","2.5","9.7","3","30.5","20.2","7149.052"
"806","VIET NAM","2010","Asia","Lower Middle Income","3.8","7.1","","29.3","17.5","7277.421"
"807","VIET NAM","2011","Asia","Lower Middle Income","1.5","4.4","4.6","23.3","12","7418.376"
"808","VIET NAM","2013","Asia","Lower Middle Income","1.6","6.6","4.6","25.9","15.3","7629.968"
"809","VIET NAM","2014","Asia","Lower Middle Income","4.8","6.8","3.5","24.9","14.5","7705.15"
"810","VIET NAM","2015","Asia","Lower Middle Income","1.4","6.4","5.3","24.6","14.1","7752.861"
"811","WEST BANK AND GAZA","1996","Asia","Lower Middle Income","","3.6","4","10.6","3.6","545.313"
"812","WEST BANK AND GAZA","2002","Asia","Lower Middle Income","","9.4","","16.1","","578.268"
"813","WEST BANK AND GAZA","2007","Asia","Lower Middle Income","0.7","1.8","11.4","11.8","2.2","586.105"
"814","WEST BANK AND GAZA","2010","Asia","Lower Middle Income","1","3.3","5.3","10.9","3.7","627.864"
"815","WEST BANK AND GAZA","2014","Asia","Lower Middle Income","0.3","1.2","8.2","7.4","1.4","685.624"
"816","YEMEN","1991","Asia","Lower Middle Income","5.5","14.3","8.1","52.4","29.6","2715.524"
"817","YEMEN","1996","Asia","Lower Middle Income","","17.4","6.9","50.4","34.2","3152.959"
"818","YEMEN","1997","Asia","Lower Middle Income","6.8","16.5","3.7","59.3","47.6","3174.306"
"819","YEMEN","2003","Asia","Lower Middle Income","6.3","15.2","5","57.7","43.1","3227.604"
"820","YEMEN","2011","Asia","Lower Middle Income","3.4","13.3","1.5","46.6","35.5","3751.376"
"821","YEMEN","2013","Asia","Lower Middle Income","5.2","16.3","2","46.5","16.3","3895.949"
"822","ZAMBIA","1992","Africa","Lower Middle Income","2.2","6.3","4.7","46.4","21.2","1557.072"
"823","ZAMBIA","1995","Africa","Lower Middle Income","","","","58.1","","1670.747"
"824","ZAMBIA","1996","Africa","Lower Middle Income","1.7","5.4","6.2","48.6","19.6","1722.218"
"825","ZAMBIA","1999","Africa","Lower Middle Income","2","5.7","12.3","57.9","19.6","1888.128"
"826","ZAMBIA","2002","Africa","Lower Middle Income","2.3","6.2","5.9","52.5","23.3","2079.324"
"827","ZAMBIA","2007","Africa","Lower Middle Income","2.3","5.6","8.4","45.8","14.9","2342.367"
"828","ZAMBIA","2013","Africa","Lower Middle Income","2.5","6.3","6.2","40","14.8","2626.277"
"829","ZIMBABWE","1987","Africa","Low Income","","","","","10.5","1702.055"
"830","ZIMBABWE","1988","Africa","Low Income","0.4","1.7","5.4","31","8","1718.519"
"831","ZIMBABWE","1994","Africa","Low Income","1.7","5.3","6.4","28.5","11.8","1776.085"
"832","ZIMBABWE","1999","Africa","Low Income","4.2","8.5","10.6","33.7","11.5","1817.125"
"833","ZIMBABWE","2005","Africa","Low Income","2.9","7.3","9.1","35.8","14","1950.476"
"834","ZIMBABWE","2009","Africa","Low Income","1.9","3.8","3.5","35.1","12.7","2160.621"
"835","ZIMBABWE","2010","Africa","Low Income","0.8","3.1","5.8","32.3","10.1","2225.702"
"836","ZIMBABWE","2014","Africa","Low Income","0.7","3.3","3.6","27.6","11.2","2466.295"
"837","ZIMBABWE","2015","Africa","Low Income","1","3.2","5.6","26.8","8.4","2505.484"
